instance_type,availability_zone,spot_price,timestamp
t3.micro,ap-south-1a,0.0033,2026-09-27T14:00:00+00:00
t3.micro,ap-south-1c,0.0036,2026-09-27T13:00:00+00:00
t3.micro,ap-south-1b,0.0034,2026-09-27T12:00:00+00:00
t3.micro,ap-south-1c,0.0036,2026-09-27T08:00:00+00:00
t3.micro,ap-south-1a,0.0033,2026-09-27T06:00:00+00:00
t3.micro,ap-south-1b,0.0033,2026-09-27T04:00:00+00:00
t3.micro,ap-south-1c,0.0036,2026-09-27T03:00:00+00:00
t3.micro,ap-south-1c,0.0036,2026-09-27T00:00:00+00:00
t3.micro,ap-south-1a,0.0032,2026-09-26T22:00:00+00:00
t3.micro,ap-south-1b,0.0033,2026-09-26T20:00:00+00:00
t3.micro,ap-south-1a,0.0032,2026-09-26T18:00:00+00:00
t3.micro,ap-south-1c,0.0036,2026-09-26T16:00:00+00:00
t3.micro,ap-south-1b,0.0032,2026-09-26T13:00:00+00:00
t3.micro,ap-south-1a,0.0031,2026-09-26T13:00:00+00:00
t3.micro,ap-south-1c,0.0035,2026-09-26T12:00:00+00:00
t3.micro,ap-south-1c,0.0034,2026-09-26T08:00:00+00:00
t3.micro,ap-south-1a,0.0031,2026-09-26T05:00:00+00:00
t3.micro,ap-south-1b,0.0031,2026-09-26T04:00:00+00:00
t3.micro,ap-south-1c,0.0034,2026-09-26T03:00:00+00:00
t3.micro,ap-south-1b,0.0031,2026-09-26T00:00:00+00:00
t3.micro,ap-south-1a,0.0031,2026-09-25T22:00:00+00:00
t3.micro,ap-south-1c,0.0033,2026-09-25T19:00:00+00:00
t3.micro,ap-south-1a,0.0031,2026-09-25T19:00:00+00:00
t3.micro,ap-south-1b,0.0031,2026-09-25T18:00:00+00:00
t3.micro,ap-south-1b,0.003,2026-09-25T15:00:00+00:00
t3.micro,ap-south-1a,0.0031,2026-09-25T14:00:00+00:00
t3.micro,ap-south-1c,0.0033,2026-09-25T12:00:00+00:00
t3.micro,ap-south-1c,0.0032,2026-09-25T09:00:00+00:00
t3.micro,ap-south-1b,0.003,2026-09-25T06:00:00+00:00
t3.micro,ap-south-1a,0.0031,2026-09-25T06:00:00+00:00
t3.micro,ap-south-1c,0.0032,2026-09-25T02:00:00+00:00
t3.micro,ap-south-1b,0.0029,2026-09-25T01:00:00+00:00
t3.micro,ap-south-1c,0.0032,2026-09-24T23:00:00+00:00
t3.micro,ap-south-1a,0.003,2026-09-24T23:00:00+00:00
t3.micro,ap-south-1b,0.0029,2026-09-24T17:00:00+00:00
t3.micro,ap-south-1c,0.0031,2026-09-24T15:00:00+00:00
t3.micro,ap-south-1a,0.003,2026-09-24T15:00:00+00:00
t3.micro,ap-south-1b,0.0029,2026-09-24T12:00:00+00:00
t3.micro,ap-south-1a,0.003,2026-09-24T10:00:00+00:00
t3.micro,ap-south-1c,0.0031,2026-09-24T08:00:00+00:00
t3.micro,ap-south-1b,0.0029,2026-09-24T07:00:00+00:00
t3.micro,ap-south-1a,0.003,2026-09-24T06:00:00+00:00
t3.micro,ap-south-1c,0.0031,2026-09-24T05:00:00+00:00
t3.micro,ap-south-1b,0.0029,2026-09-24T04:00:00+00:00
t3.micro,ap-south-1c,0.0031,2026-09-24T01:00:00+00:00
t3.micro,ap-south-1a,0.003,2026-09-23T22:00:00+00:00
t3.micro,ap-south-1b,0.0029,2026-09-23T19:00:00+00:00
t3.micro,ap-south-1c,0.0031,2026-09-23T18:00:00+00:00
t3.micro,ap-south-1a,0.003,2026-09-23T17:00:00+00:00
t3.micro,ap-south-1c,0.0031,2026-09-23T12:00:00+00:00
t3.micro,ap-south-1b,0.0029,2026-09-23T10:00:00+00:00
t3.micro,ap-south-1a,0.003,2026-09-23T08:00:00+00:00
t3.micro,ap-south-1a,0.003,2026-09-23T05:00:00+00:00
t3.micro,ap-south-1b,0.0029,2026-09-23T04:00:00+00:00
t3.micro,ap-south-1c,0.0031,2026-09-23T03:00:00+00:00
t3.micro,ap-south-1b,0.0029,2026-09-22T22:00:00+00:00
t3.micro,ap-south-1c,0.0031,2026-09-22T22:00:00+00:00
t3.micro,ap-south-1a,0.003,2026-09-22T20:00:00+00:00
t3.micro,ap-south-1b,0.0029,2026-09-22T18:00:00+00:00
t3.micro,ap-south-1c,0.0031,2026-09-22T17:00:00+00:00
t3.micro,ap-south-1c,0.0031,2026-09-22T13:00:00+00:00
t3.micro,ap-south-1a,0.003,2026-09-22T13:00:00+00:00
t3.micro,ap-south-1b,0.0029,2026-09-22T12:00:00+00:00
t3.micro,ap-south-1b,0.0029,2026-09-22T07:00:00+00:00
t3.micro,ap-south-1c,0.0031,2026-09-22T07:00:00+00:00
t3.micro,ap-south-1a,0.003,2026-09-22T06:00:00+00:00
t3.micro,ap-south-1c,0.0031,2026-09-22T00:00:00+00:00
t3.micro,ap-south-1b,0.0029,2026-09-21T23:00:00+00:00
t3.micro,ap-south-1a,0.003,2026-09-21T23:00:00+00:00
t3.micro,ap-south-1c,0.0031,2026-09-21T18:00:00+00:00
t3.micro,ap-south-1b,0.0029,2026-09-21T14:00:00+00:00
t3.micro,ap-south-1a,0.003,2026-09-21T14:00:00+00:00
t3.micro,ap-south-1c,0.0031,2026-09-21T10:00:00+00:00
t3.micro,ap-south-1b,0.0029,2026-09-21T09:00:00+00:00
t3.micro,ap-south-1c,0.0031,2026-09-21T06:00:00+00:00
t3.micro,ap-south-1a,0.003,2026-09-21T06:00:00+00:00
t3.micro,ap-south-1b,0.0029,2026-09-21T05:00:00+00:00
t3.micro,ap-south-1a,0.003,2026-09-21T01:00:00+00:00
t3.micro,ap-south-1b,0.003,2026-09-21T00:00:00+00:00
t3.micro,ap-south-1c,0.0031,2026-09-20T23:00:00+00:00
t3.micro,ap-south-1a,0.003,2026-09-20T21:00:00+00:00
t3.micro,ap-south-1c,0.0031,2026-09-20T19:00:00+00:00
t3.micro,ap-south-1b,0.003,2026-09-20T15:00:00+00:00
t3.micro,ap-south-1c,0.0031,2026-09-20T13:00:00+00:00
t3.micro,ap-south-1a,0.003,2026-09-20T12:00:00+00:00
t3.micro,ap-south-1b,0.003,2026-09-20T08:00:00+00:00
t3.micro,ap-south-1c,0.0031,2026-09-20T07:00:00+00:00
t3.micro,ap-south-1b,0.003,2026-09-20T04:00:00+00:00
t3.micro,ap-south-1c,0.0031,2026-09-20T04:00:00+00:00
t3.micro,ap-south-1a,0.003,2026-09-20T03:00:00+00:00
t3.micro,ap-south-1c,0.0031,2026-09-20T00:00:00+00:00
t3.micro,ap-south-1a,0.003,2026-09-19T22:00:00+00:00
t3.micro,ap-south-1c,0.0031,2026-09-19T20:00:00+00:00
t3.micro,ap-south-1b,0.003,2026-09-19T19:00:00+00:00
t3.micro,ap-south-1a,0.0031,2026-09-19T15:00:00+00:00
t3.micro,ap-south-1c,0.0031,2026-09-19T14:00:00+00:00
t3.micro,ap-south-1c,0.0031,2026-09-19T11:00:00+00:00
t3.micro,ap-south-1b,0.003,2026-09-19T10:00:00+00:00
t3.micro,ap-south-1c,0.0031,2026-09-19T08:00:00+00:00
t3.micro,ap-south-1a,0.0031,2026-09-19T07:00:00+00:00
t3.micro,ap-south-1b,0.003,2026-09-19T06:00:00+00:00
t3.micro,ap-south-1c,0.0031,2026-09-19T04:00:00+00:00
t3.micro,ap-south-1a,0.0031,2026-09-19T02:00:00+00:00
t3.micro,ap-south-1b,0.003,2026-09-19T01:00:00+00:00
t3.micro,ap-south-1c,0.0031,2026-09-19T00:00:00+00:00
t3.micro,ap-south-1a,0.0031,2026-09-18T22:00:00+00:00
t3.micro,ap-south-1c,0.0031,2026-09-18T18:00:00+00:00
t3.micro,ap-south-1b,0.003,2026-09-18T17:00:00+00:00
t3.micro,ap-south-1a,0.0031,2026-09-18T13:00:00+00:00
t3.micro,ap-south-1b,0.003,2026-09-18T12:00:00+00:00
t3.micro,ap-south-1c,0.0031,2026-09-18T11:00:00+00:00
t3.micro,ap-south-1b,0.003,2026-09-18T06:00:00+00:00
t3.micro,ap-south-1a,0.0031,2026-09-18T06:00:00+00:00
t3.micro,ap-south-1c,0.0031,2026-09-18T05:00:00+00:00
t3.micro,ap-south-1c,0.0031,2026-09-18T00:00:00+00:00
t3.micro,ap-south-1b,0.003,2026-09-17T23:00:00+00:00
t3.micro,ap-south-1a,0.0031,2026-09-17T22:00:00+00:00
t3.micro,ap-south-1b,0.003,2026-09-17T20:00:00+00:00
t3.micro,ap-south-1a,0.0031,2026-09-17T19:00:00+00:00
t3.micro,ap-south-1c,0.0031,2026-09-17T17:00:00+00:00
t3.micro,ap-south-1b,0.003,2026-09-17T14:00:00+00:00
t3.micro,ap-south-1a,0.0031,2026-09-17T13:00:00+00:00
t3.micro,ap-south-1b,0.003,2026-09-17T09:00:00+00:00
t3.micro,ap-south-1c,0.0031,2026-09-17T08:00:00+00:00
t3.micro,ap-south-1a,0.0031,2026-09-17T04:00:00+00:00
t3.micro,ap-south-1c,0.0031,2026-09-17T03:00:00+00:00
t3.micro,ap-south-1b,0.003,2026-09-17T02:00:00+00:00
t3.micro,ap-south-1a,0.0031,2026-09-17T00:00:00+00:00
t3.micro,ap-south-1c,0.0031,2026-09-16T21:00:00+00:00
t3.micro,ap-south-1b,0.003,2026-09-16T19:00:00+00:00
t3.micro,ap-south-1b,0.003,2026-09-16T16:00:00+00:00
t3.micro,ap-south-1a,0.0031,2026-09-16T16:00:00+00:00
t3.micro,ap-south-1c,0.0031,2026-09-16T15:00:00+00:00
t3.micro,ap-south-1a,0.0031,2026-09-16T12:00:00+00:00
t3.micro,ap-south-1b,0.003,2026-09-16T11:00:00+00:00
t3.micro,ap-south-1a,0.0031,2026-09-16T08:00:00+00:00
t3.micro,ap-south-1c,0.0031,2026-09-16T06:00:00+00:00
t3.micro,ap-south-1b,0.003,2026-09-16T03:00:00+00:00
t3.micro,ap-south-1c,0.0031,2026-09-16T03:00:00+00:00
t3.micro,ap-south-1a,0.0031,2026-09-16T02:00:00+00:00
t3.micro,ap-south-1b,0.003,2026-09-15T23:00:00+00:00
t3.micro,ap-south-1c,0.0031,2026-09-15T22:00:00+00:00
t3.micro,ap-south-1b,0.003,2026-09-15T18:00:00+00:00
t3.micro,ap-south-1a,0.0031,2026-09-15T18:00:00+00:00
t3.micro,ap-south-1c,0.0031,2026-09-15T17:00:00+00:00
t3.micro,ap-south-1a,0.0031,2026-09-15T13:00:00+00:00
t3.micro,ap-south-1b,0.003,2026-09-15T10:00:00+00:00
t3.micro,ap-south-1c,0.0031,2026-09-15T08:00:00+00:00
t3.micro,ap-south-1a,0.0031,2026-09-15T08:00:00+00:00
t3.micro,ap-south-1b,0.003,2026-09-15T01:00:00+00:00
t3.micro,ap-south-1c,0.0031,2026-09-14T23:00:00+00:00
t3.micro,ap-south-1a,0.0031,2026-09-14T23:00:00+00:00
t3.micro,ap-south-1b,0.003,2026-09-14T18:00:00+00:00
t3.micro,ap-south-1a,0.0031,2026-09-14T18:00:00+00:00
t3.micro,ap-south-1c,0.0031,2026-09-14T15:00:00+00:00
t3.micro,ap-south-1a,0.0031,2026-09-14T12:00:00+00:00
t3.micro,ap-south-1b,0.003,2026-09-14T09:00:00+00:00
t3.micro,ap-south-1c,0.0031,2026-09-14T09:00:00+00:00
t3.micro,ap-south-1a,0.0031,2026-09-14T07:00:00+00:00
t3.micro,ap-south-1c,0.0031,2026-09-14T02:00:00+00:00
t3.micro,ap-south-1b,0.003,2026-09-14T01:00:00+00:00
t3.micro,ap-south-1a,0.0031,2026-09-14T01:00:00+00:00
t3.micro,ap-south-1c,0.0031,2026-09-13T20:00:00+00:00
t3.micro,ap-south-1a,0.0031,2026-09-13T17:00:00+00:00
t3.micro,ap-south-1b,0.003,2026-09-13T16:00:00+00:00
t3.micro,ap-south-1b,0.003,2026-09-13T12:00:00+00:00
t3.micro,ap-south-1c,0.0031,2026-09-13T11:00:00+00:00
t3.micro,ap-south-1a,0.0031,2026-09-13T10:00:00+00:00
t3.micro,ap-south-1c,0.0031,2026-09-13T08:00:00+00:00
t3.micro,ap-south-1a,0.0031,2026-09-13T06:00:00+00:00
t3.micro,ap-south-1c,0.0031,2026-09-13T05:00:00+00:00
t3.micro,ap-south-1b,0.003,2026-09-13T04:00:00+00:00
t3.micro,ap-south-1c,0.0031,2026-09-13T01:00:00+00:00
t3.micro,ap-south-1a,0.0031,2026-09-12T21:00:00+00:00
t3.micro,ap-south-1b,0.003,2026-09-12T19:00:00+00:00
t3.micro,ap-south-1a,0.0031,2026-09-12T17:00:00+00:00
t3.micro,ap-south-1c,0.0031,2026-09-12T16:00:00+00:00
t3.micro,ap-south-1c,0.0031,2026-09-12T13:00:00+00:00
t3.micro,ap-south-1b,0.003,2026-09-12T12:00:00+00:00
t3.micro,ap-south-1a,0.0031,2026-09-12T09:00:00+00:00
t3.micro,ap-south-1c,0.0031,2026-09-12T07:00:00+00:00
t3.micro,ap-south-1b,0.003,2026-09-12T03:00:00+00:00
t3.micro,ap-south-1a,0.0031,2026-09-12T01:00:00+00:00
t3.micro,ap-south-1c,0.0031,2026-09-12T00:00:00+00:00
t3.micro,ap-south-1a,0.0031,2026-09-11T20:00:00+00:00
t3.micro,ap-south-1b,0.003,2026-09-11T19:00:00+00:00
t3.micro,ap-south-1c,0.0031,2026-09-11T17:00:00+00:00
t3.micro,ap-south-1b,0.003,2026-09-11T13:00:00+00:00
t3.micro,ap-south-1c,0.0031,2026-09-11T13:00:00+00:00
t3.micro,ap-south-1a,0.0031,2026-09-11T11:00:00+00:00
t3.micro,ap-south-1b,0.003,2026-09-11T08:00:00+00:00
t3.micro,ap-south-1a,0.0031,2026-09-11T08:00:00+00:00
t3.micro,ap-south-1c,0.0031,2026-09-11T05:00:00+00:00
t3.micro,ap-south-1b,0.003,2026-09-11T04:00:00+00:00
t3.micro,ap-south-1a,0.0031,2026-09-11T00:00:00+00:00
t3.micro,ap-south-1c,0.0031,2026-09-10T20:00:00+00:00
t3.micro,ap-south-1b,0.003,2026-09-10T19:00:00+00:00
t3.micro,ap-south-1a,0.0031,2026-09-10T16:00:00+00:00
t3.micro,ap-south-1b,0.003,2026-09-10T15:00:00+00:00
t3.micro,ap-south-1c,0.0031,2026-09-10T12:00:00+00:00
t3.micro,ap-south-1b,0.003,2026-09-10T11:00:00+00:00
t3.micro,ap-south-1a,0.0031,2026-09-10T11:00:00+00:00
t3.micro,ap-south-1a,0.0031,2026-09-10T07:00:00+00:00
t3.micro,ap-south-1b,0.0031,2026-09-10T06:00:00+00:00
t3.micro,ap-south-1c,0.0031,2026-09-10T04:00:00+00:00
t3.micro,ap-south-1b,0.0031,2026-09-10T02:00:00+00:00
t3.micro,ap-south-1a,0.0031,2026-09-09T23:00:00+00:00
t3.micro,ap-south-1b,0.0031,2026-09-09T21:00:00+00:00
t3.micro,ap-south-1c,0.0031,2026-09-09T20:00:00+00:00
t3.micro,ap-south-1c,0.0031,2026-09-09T16:00:00+00:00
t3.micro,ap-south-1a,0.0031,2026-09-09T15:00:00+00:00
t3.micro,ap-south-1b,0.0031,2026-09-09T12:00:00+00:00
t3.micro,ap-south-1c,0.0031,2026-09-09T09:00:00+00:00
t3.micro,ap-south-1c,0.0031,2026-09-09T06:00:00+00:00
t3.micro,ap-south-1a,0.0032,2026-09-09T06:00:00+00:00
t3.micro,ap-south-1b,0.0031,2026-09-09T04:00:00+00:00
t3.micro,ap-south-1b,0.0031,2026-09-08T23:00:00+00:00
t3.micro,ap-south-1c,0.0031,2026-09-08T23:00:00+00:00
t3.micro,ap-south-1a,0.0032,2026-09-08T21:00:00+00:00
t3.micro,ap-south-1b,0.0031,2026-09-08T19:00:00+00:00
t3.micro,ap-south-1a,0.0032,2026-09-08T17:00:00+00:00
t3.micro,ap-south-1c,0.0031,2026-09-08T16:00:00+00:00
t3.micro,ap-south-1b,0.0031,2026-09-08T10:00:00+00:00
t3.micro,ap-south-1c,0.0031,2026-09-08T10:00:00+00:00
t3.micro,ap-south-1a,0.0032,2026-09-08T08:00:00+00:00
t3.micro,ap-south-1b,0.0031,2026-09-08T04:00:00+00:00
t3.micro,ap-south-1c,0.0031,2026-09-08T03:00:00+00:00
t3.micro,ap-south-1a,0.0032,2026-09-08T00:00:00+00:00
t3.micro,ap-south-1c,0.0031,2026-09-07T23:00:00+00:00
t3.micro,ap-south-1b,0.0031,2026-09-07T20:00:00+00:00
t3.micro,ap-south-1c,0.0031,2026-09-07T20:00:00+00:00
t3.micro,ap-south-1c,0.0031,2026-09-07T17:00:00+00:00
t3.micro,ap-south-1a,0.0032,2026-09-07T17:00:00+00:00
t3.micro,ap-south-1b,0.0031,2026-09-07T12:00:00+00:00
t3.micro,ap-south-1b,0.0031,2026-09-07T09:00:00+00:00
t3.micro,ap-south-1c,0.0031,2026-09-07T09:00:00+00:00
t3.micro,ap-south-1a,0.0032,2026-09-07T08:00:00+00:00
t3.micro,ap-south-1c,0.0031,2026-09-07T04:00:00+00:00
t3.micro,ap-south-1b,0.0031,2026-09-07T03:00:00+00:00
t3.micro,ap-south-1a,0.0032,2026-09-06T23:00:00+00:00
t3.micro,ap-south-1b,0.0031,2026-09-06T21:00:00+00:00
t3.micro,ap-south-1c,0.0031,2026-09-06T19:00:00+00:00
t3.micro,ap-south-1b,0.0031,2026-09-06T15:00:00+00:00
t3.micro,ap-south-1a,0.0032,2026-09-06T14:00:00+00:00
t3.micro,ap-south-1c,0.0031,2026-09-06T13:00:00+00:00
t3.micro,ap-south-1a,0.0032,2026-09-06T09:00:00+00:00
t3.micro,ap-south-1b,0.0031,2026-09-06T08:00:00+00:00
t3.micro,ap-south-1b,0.003,2026-09-06T05:00:00+00:00
t3.micro,ap-south-1a,0.0032,2026-09-06T05:00:00+00:00
t3.micro,ap-south-1c,0.0031,2026-09-06T04:00:00+00:00
t3.micro,ap-south-1b,0.003,2026-09-06T02:00:00+00:00
t3.micro,ap-south-1a,0.0032,2026-09-05T21:00:00+00:00
t3.micro,ap-south-1c,0.0031,2026-09-05T20:00:00+00:00
t3.micro,ap-south-1b,0.003,2026-09-05T18:00:00+00:00
t3.micro,ap-south-1c,0.0031,2026-09-05T16:00:00+00:00
t3.micro,ap-south-1b,0.0029,2026-09-05T12:00:00+00:00
t3.micro,ap-south-1a,0.0032,2026-09-05T12:00:00+00:00
t3.micro,ap-south-1c,0.0031,2026-09-05T11:00:00+00:00
t3.micro,ap-south-1b,0.0029,2026-09-05T07:00:00+00:00
t3.micro,ap-south-1a,0.0031,2026-09-05T07:00:00+00:00
t3.micro,ap-south-1c,0.003,2026-09-05T03:00:00+00:00
t3.micro,ap-south-1b,0.0028,2026-09-04T23:00:00+00:00
t3.micro,ap-south-1c,0.003,2026-09-04T23:00:00+00:00
t3.micro,ap-south-1a,0.0031,2026-09-04T23:00:00+00:00
t3.micro,ap-south-1b,0.0028,2026-09-04T18:00:00+00:00
t3.micro,ap-south-1a,0.0031,2026-09-04T18:00:00+00:00
t3.micro,ap-south-1c,0.003,2026-09-04T17:00:00+00:00
t3.micro,ap-south-1a,0.003,2026-09-04T13:00:00+00:00
t3.micro,ap-south-1b,0.0028,2026-09-04T11:00:00+00:00
t3.micro,ap-south-1c,0.0029,2026-09-04T10:00:00+00:00
t3.micro,ap-south-1b,0.0028,2026-09-04T08:00:00+00:00
t3.micro,ap-south-1c,0.0029,2026-09-04T07:00:00+00:00
t3.micro,ap-south-1a,0.003,2026-09-04T06:00:00+00:00
t3.micro,ap-south-1a,0.0029,2026-09-04T03:00:00+00:00
t3.micro,ap-south-1b,0.0028,2026-09-04T00:00:00+00:00
t3.micro,ap-south-1c,0.0029,2026-09-03T22:00:00+00:00
t3.micro,ap-south-1b,0.0027,2026-09-03T20:00:00+00:00
t3.micro,ap-south-1c,0.0029,2026-09-03T19:00:00+00:00
t3.micro,ap-south-1a,0.0029,2026-09-03T19:00:00+00:00
t3.micro,ap-south-1a,0.0029,2026-09-03T12:00:00+00:00
t3.micro,ap-south-1b,0.0027,2026-09-03T11:00:00+00:00
t3.micro,ap-south-1c,0.0029,2026-09-03T10:00:00+00:00
t3.micro,ap-south-1b,0.0027,2026-09-03T08:00:00+00:00
t3.micro,ap-south-1a,0.0029,2026-09-03T04:00:00+00:00
t3.micro,ap-south-1b,0.0027,2026-09-03T02:00:00+00:00
t3.micro,ap-south-1c,0.0029,2026-09-03T01:00:00+00:00
t3.micro,ap-south-1a,0.0029,2026-09-02T23:00:00+00:00
t3.micro,ap-south-1b,0.0027,2026-09-02T21:00:00+00:00
t3.micro,ap-south-1c,0.0029,2026-09-02T18:00:00+00:00
t3.micro,ap-south-1a,0.0029,2026-09-02T14:00:00+00:00
t3.micro,ap-south-1b,0.0027,2026-09-02T12:00:00+00:00
t3.micro,ap-south-1c,0.0029,2026-09-02T11:00:00+00:00
t3.micro,ap-south-1a,0.0029,2026-09-02T11:00:00+00:00
t3.micro,ap-south-1b,0.0028,2026-09-02T03:00:00+00:00
t3.micro,ap-south-1a,0.003,2026-09-02T03:00:00+00:00
t3.micro,ap-south-1c,0.0029,2026-09-02T02:00:00+00:00
t3.micro,ap-south-1a,0.003,2026-09-01T23:00:00+00:00
t3.micro,ap-south-1c,0.0029,2026-09-01T20:00:00+00:00
t3.micro,ap-south-1b,0.0027,2026-09-01T18:00:00+00:00
t3.micro,ap-south-1a,0.003,2026-09-01T17:00:00+00:00
t3.micro,ap-south-1c,0.0029,2026-09-01T14:00:00+00:00
t3.micro,ap-south-1a,0.003,2026-09-01T11:00:00+00:00
t3.micro,ap-south-1b,0.0027,2026-09-01T10:00:00+00:00
t3.micro,ap-south-1a,0.003,2026-09-01T07:00:00+00:00
t3.micro,ap-south-1c,0.0029,2026-09-01T06:00:00+00:00
t3.micro,ap-south-1a,0.003,2026-09-01T04:00:00+00:00
t3.micro,ap-south-1b,0.0027,2026-09-01T02:00:00+00:00
t3.micro,ap-south-1c,0.0029,2026-09-01T01:00:00+00:00
t3.micro,ap-south-1a,0.003,2026-09-01T00:00:00+00:00
t3.micro,ap-south-1b,0.0028,2026-08-31T17:00:00+00:00
t3.micro,ap-south-1c,0.0029,2026-08-31T17:00:00+00:00
t3.micro,ap-south-1a,0.003,2026-08-31T16:00:00+00:00
t3.micro,ap-south-1c,0.0029,2026-08-31T11:00:00+00:00
t3.micro,ap-south-1a,0.003,2026-08-31T11:00:00+00:00
t3.micro,ap-south-1b,0.0028,2026-08-31T10:00:00+00:00
t3.micro,ap-south-1a,0.003,2026-08-31T08:00:00+00:00
t3.micro,ap-south-1b,0.0028,2026-08-31T06:00:00+00:00
t3.micro,ap-south-1c,0.0029,2026-08-31T04:00:00+00:00
t3.micro,ap-south-1b,0.0028,2026-08-31T03:00:00+00:00
t3.micro,ap-south-1a,0.003,2026-08-31T02:00:00+00:00
t3.micro,ap-south-1c,0.0029,2026-08-31T00:00:00+00:00
t3.micro,ap-south-1a,0.003,2026-08-30T23:00:00+00:00
t3.micro,ap-south-1b,0.0028,2026-08-30T22:00:00+00:00
t3.micro,ap-south-1c,0.0029,2026-08-30T21:00:00+00:00
t3.micro,ap-south-1a,0.003,2026-08-30T18:00:00+00:00
t3.micro,ap-south-1b,0.0028,2026-08-30T14:00:00+00:00
t3.micro,ap-south-1c,0.0029,2026-08-30T14:00:00+00:00
t3.micro,ap-south-1a,0.003,2026-08-30T12:00:00+00:00
t3.micro,ap-south-1b,0.0028,2026-08-30T07:00:00+00:00
t3.micro,ap-south-1c,0.0029,2026-08-30T06:00:00+00:00
t3.micro,ap-south-1a,0.003,2026-08-30T03:00:00+00:00
t3.micro,ap-south-1b,0.0028,2026-08-29T22:00:00+00:00
t3.micro,ap-south-1c,0.0029,2026-08-29T22:00:00+00:00
t3.micro,ap-south-1c,0.0029,2026-08-29T18:00:00+00:00
t3.micro,ap-south-1a,0.003,2026-08-29T18:00:00+00:00
t3.micro,ap-south-1b,0.0028,2026-08-29T16:00:00+00:00
t3.micro,ap-south-1c,0.0029,2026-08-29T15:00:00+00:00
t3.micro,ap-south-1b,0.0028,2026-08-29T12:00:00+00:00
t3.micro,ap-south-1c,0.0029,2026-08-29T09:00:00+00:00
t3.micro,ap-south-1a,0.003,2026-08-29T09:00:00+00:00
t3.micro,ap-south-1b,0.0028,2026-08-29T06:00:00+00:00
t3.micro,ap-south-1b,0.0028,2026-08-29T02:00:00+00:00
t3.micro,ap-south-1c,0.0029,2026-08-29T01:00:00+00:00
t3.micro,ap-south-1a,0.003,2026-08-29T01:00:00+00:00
t3.micro,ap-south-1a,0.003,2026-08-28T20:00:00+00:00
t3.micro,ap-south-1b,0.0028,2026-08-28T17:00:00+00:00
t3.micro,ap-south-1c,0.0029,2026-08-28T16:00:00+00:00
t3.micro,ap-south-1a,0.003,2026-08-28T13:00:00+00:00
t3.micro,ap-south-1b,0.0028,2026-08-28T12:00:00+00:00
t3.micro,ap-south-1c,0.0029,2026-08-28T12:00:00+00:00
t3.small,ap-south-1a,0.0094,2026-09-27T14:00:00+00:00
t3.small,ap-south-1c,0.0091,2026-09-27T13:00:00+00:00
t3.small,ap-south-1b,0.0077,2026-09-27T11:00:00+00:00
t3.small,ap-south-1a,0.0092,2026-09-27T09:00:00+00:00
t3.small,ap-south-1b,0.0076,2026-09-27T07:00:00+00:00
t3.small,ap-south-1c,0.0089,2026-09-27T06:00:00+00:00
t3.small,ap-south-1b,0.0075,2026-09-27T01:00:00+00:00
t3.small,ap-south-1c,0.0088,2026-09-27T01:00:00+00:00
t3.small,ap-south-1a,0.0092,2026-09-27T00:00:00+00:00
t3.small,ap-south-1b,0.0074,2026-09-26T22:00:00+00:00
t3.small,ap-south-1a,0.0092,2026-09-26T21:00:00+00:00
t3.small,ap-south-1c,0.0088,2026-09-26T19:00:00+00:00
t3.small,ap-south-1c,0.0088,2026-09-26T15:00:00+00:00
t3.small,ap-south-1a,0.0091,2026-09-26T14:00:00+00:00
t3.small,ap-south-1b,0.0072,2026-09-26T13:00:00+00:00
t3.small,ap-south-1a,0.009,2026-09-26T09:00:00+00:00
t3.small,ap-south-1c,0.0088,2026-09-26T07:00:00+00:00
t3.small,ap-south-1b,0.007,2026-09-26T05:00:00+00:00
t3.small,ap-south-1c,0.0086,2026-09-26T03:00:00+00:00
t3.small,ap-south-1a,0.0089,2026-09-26T03:00:00+00:00
t3.small,ap-south-1b,0.0069,2026-09-25T22:00:00+00:00
t3.small,ap-south-1c,0.0084,2026-09-25T22:00:00+00:00
t3.small,ap-south-1a,0.0089,2026-09-25T18:00:00+00:00
t3.small,ap-south-1b,0.0068,2026-09-25T14:00:00+00:00
t3.small,ap-south-1c,0.0083,2026-09-25T13:00:00+00:00
t3.small,ap-south-1a,0.0089,2026-09-25T13:00:00+00:00
t3.small,ap-south-1c,0.0083,2026-09-25T09:00:00+00:00
t3.small,ap-south-1b,0.0068,2026-09-25T08:00:00+00:00
t3.small,ap-south-1a,0.0087,2026-09-25T08:00:00+00:00
t3.small,ap-south-1b,0.0067,2026-09-25T05:00:00+00:00
t3.small,ap-south-1a,0.0085,2026-09-25T04:00:00+00:00
t3.small,ap-south-1c,0.0081,2026-09-25T02:00:00+00:00
t3.small,ap-south-1a,0.0083,2026-09-25T01:00:00+00:00
t3.small,ap-south-1b,0.0067,2026-09-25T00:00:00+00:00
t3.small,ap-south-1b,0.0067,2026-09-24T19:00:00+00:00
t3.small,ap-south-1a,0.0083,2026-09-24T19:00:00+00:00
t3.small,ap-south-1c,0.0081,2026-09-24T18:00:00+00:00
t3.small,ap-south-1a,0.0081,2026-09-24T14:00:00+00:00
t3.small,ap-south-1c,0.0081,2026-09-24T13:00:00+00:00
t3.small,ap-south-1b,0.0066,2026-09-24T10:00:00+00:00
t3.small,ap-south-1a,0.0081,2026-09-24T08:00:00+00:00
t3.small,ap-south-1c,0.0081,2026-09-24T07:00:00+00:00
t3.small,ap-south-1a,0.0081,2026-09-24T05:00:00+00:00
t3.small,ap-south-1b,0.0066,2026-09-24T04:00:00+00:00
t3.small,ap-south-1a,0.0081,2026-09-24T01:00:00+00:00
t3.small,ap-south-1c,0.008,2026-09-23T22:00:00+00:00
t3.small,ap-south-1b,0.0066,2026-09-23T21:00:00+00:00
t3.small,ap-south-1a,0.008,2026-09-23T20:00:00+00:00
t3.small,ap-south-1c,0.008,2026-09-23T19:00:00+00:00
t3.small,ap-south-1b,0.0066,2026-09-23T14:00:00+00:00
t3.small,ap-south-1c,0.008,2026-09-23T14:00:00+00:00
t3.small,ap-south-1a,0.008,2026-09-23T13:00:00+00:00
t3.small,ap-south-1b,0.0067,2026-09-23T08:00:00+00:00
t3.small,ap-south-1c,0.008,2026-09-23T07:00:00+00:00
t3.small,ap-south-1a,0.008,2026-09-23T05:00:00+00:00
t3.small,ap-south-1b,0.0067,2026-09-23T02:00:00+00:00
t3.small,ap-south-1c,0.0079,2026-09-23T00:00:00+00:00
t3.small,ap-south-1c,0.0079,2026-09-22T21:00:00+00:00
t3.small,ap-south-1a,0.0079,2026-09-22T21:00:00+00:00
t3.small,ap-south-1b,0.0067,2026-09-22T18:00:00+00:00
t3.small,ap-south-1c,0.008,2026-09-22T18:00:00+00:00
t3.small,ap-south-1a,0.008,2026-09-22T13:00:00+00:00
t3.small,ap-south-1b,0.0068,2026-09-22T11:00:00+00:00
t3.small,ap-south-1c,0.0079,2026-09-22T10:00:00+00:00
t3.small,ap-south-1b,0.0068,2026-09-22T07:00:00+00:00
t3.small,ap-south-1a,0.0079,2026-09-22T06:00:00+00:00
t3.small,ap-south-1c,0.0079,2026-09-22T05:00:00+00:00
t3.small,ap-south-1c,0.0079,2026-09-22T01:00:00+00:00
t3.small,ap-south-1b,0.0068,2026-09-21T23:00:00+00:00
t3.small,ap-south-1a,0.0079,2026-09-21T22:00:00+00:00
t3.small,ap-south-1b,0.0068,2026-09-21T19:00:00+00:00
t3.small,ap-south-1c,0.0079,2026-09-21T17:00:00+00:00
t3.small,ap-south-1b,0.0068,2026-09-21T16:00:00+00:00
t3.small,ap-south-1a,0.0079,2026-09-21T14:00:00+00:00
t3.small,ap-south-1c,0.0078,2026-09-21T09:00:00+00:00
t3.small,ap-south-1a,0.0079,2026-09-21T09:00:00+00:00
t3.small,ap-south-1b,0.0068,2026-09-21T07:00:00+00:00
t3.small,ap-south-1a,0.0079,2026-09-21T05:00:00+00:00
t3.small,ap-south-1c,0.0078,2026-09-21T03:00:00+00:00
t3.small,ap-south-1b,0.0068,2026-09-21T00:00:00+00:00
t3.small,ap-south-1a,0.0079,2026-09-21T00:00:00+00:00
t3.small,ap-south-1c,0.0078,2026-09-20T21:00:00+00:00
t3.small,ap-south-1c,0.0078,2026-09-20T18:00:00+00:00
t3.small,ap-south-1b,0.0068,2026-09-20T17:00:00+00:00
t3.small,ap-south-1a,0.0079,2026-09-20T17:00:00+00:00
t3.small,ap-south-1b,0.0068,2026-09-20T14:00:00+00:00
t3.small,ap-south-1c,0.0078,2026-09-20T14:00:00+00:00
t3.small,ap-south-1a,0.0079,2026-09-20T11:00:00+00:00
t3.small,ap-south-1c,0.0078,2026-09-20T10:00:00+00:00
t3.small,ap-south-1a,0.0079,2026-09-20T07:00:00+00:00
t3.small,ap-south-1b,0.0068,2026-09-20T05:00:00+00:00
t3.small,ap-south-1c,0.0078,2026-09-20T04:00:00+00:00
t3.small,ap-south-1a,0.0079,2026-09-20T02:00:00+00:00
t3.small,ap-south-1b,0.0068,2026-09-19T23:00:00+00:00
t3.small,ap-south-1c,0.0078,2026-09-19T20:00:00+00:00
t3.small,ap-south-1b,0.0068,2026-09-19T17:00:00+00:00
t3.small,ap-south-1a,0.0079,2026-09-19T17:00:00+00:00
t3.small,ap-south-1c,0.0078,2026-09-19T16:00:00+00:00
t3.small,ap-south-1b,0.0068,2026-09-19T13:00:00+00:00
t3.small,ap-south-1c,0.0078,2026-09-19T12:00:00+00:00
t3.small,ap-south-1a,0.0079,2026-09-19T10:00:00+00:00
t3.small,ap-south-1b,0.0068,2026-09-19T09:00:00+00:00
t3.small,ap-south-1a,0.0079,2026-09-19T07:00:00+00:00
t3.small,ap-south-1c,0.0078,2026-09-19T03:00:00+00:00
t3.small,ap-south-1b,0.0069,2026-09-19T02:00:00+00:00
t3.small,ap-south-1a,0.0078,2026-09-18T23:00:00+00:00
t3.small,ap-south-1a,0.0078,2026-09-18T20:00:00+00:00
t3.small,ap-south-1b,0.0069,2026-09-18T19:00:00+00:00
t3.small,ap-south-1c,0.0078,2026-09-18T18:00:00+00:00
t3.small,ap-south-1a,0.0078,2026-09-18T16:00:00+00:00
t3.small,ap-south-1c,0.0078,2026-09-18T11:00:00+00:00
t3.small,ap-south-1b,0.0069,2026-09-18T10:00:00+00:00
t3.small,ap-south-1a,0.0078,2026-09-18T08:00:00+00:00
t3.small,ap-south-1c,0.0078,2026-09-18T04:00:00+00:00
t3.small,ap-south-1b,0.0069,2026-09-18T02:00:00+00:00
t3.small,ap-south-1a,0.0078,2026-09-18T02:00:00+00:00
t3.small,ap-south-1b,0.0069,2026-09-17T21:00:00+00:00
t3.small,ap-south-1c,0.0077,2026-09-17T19:00:00+00:00
t3.small,ap-south-1a,0.0077,2026-09-17T17:00:00+00:00
t3.small,ap-south-1b,0.0069,2026-09-17T14:00:00+00:00
t3.small,ap-south-1c,0.0078,2026-09-17T13:00:00+00:00
t3.small,ap-south-1a,0.0077,2026-09-17T12:00:00+00:00
t3.small,ap-south-1b,0.0069,2026-09-17T09:00:00+00:00
t3.small,ap-south-1c,0.0078,2026-09-17T09:00:00+00:00
t3.small,ap-south-1a,0.0077,2026-09-17T05:00:00+00:00
t3.small,ap-south-1c,0.0078,2026-09-17T04:00:00+00:00
t3.small,ap-south-1b,0.0069,2026-09-17T03:00:00+00:00
t3.small,ap-south-1c,0.0078,2026-09-17T01:00:00+00:00
t3.small,ap-south-1c,0.0078,2026-09-16T22:00:00+00:00
t3.small,ap-south-1a,0.0076,2026-09-16T22:00:00+00:00
t3.small,ap-south-1b,0.0069,2026-09-16T18:00:00+00:00
t3.small,ap-south-1a,0.0076,2026-09-16T17:00:00+00:00
t3.small,ap-south-1b,0.0069,2026-09-16T14:00:00+00:00
t3.small,ap-south-1c,0.0078,2026-09-16T13:00:00+00:00
t3.small,ap-south-1a,0.0076,2026-09-16T12:00:00+00:00
t3.small,ap-south-1b,0.0069,2026-09-16T10:00:00+00:00
t3.small,ap-south-1c,0.0078,2026-09-16T08:00:00+00:00
t3.small,ap-south-1a,0.0076,2026-09-16T07:00:00+00:00
t3.small,ap-south-1b,0.0069,2026-09-16T01:00:00+00:00
t3.small,ap-south-1c,0.0078,2026-09-16T01:00:00+00:00
t3.small,ap-south-1a,0.0075,2026-09-15T23:00:00+00:00
t3.small,ap-south-1b,0.0068,2026-09-15T17:00:00+00:00
t3.small,ap-south-1c,0.0078,2026-09-15T16:00:00+00:00
t3.small,ap-south-1a,0.0075,2026-09-15T15:00:00+00:00
t3.small,ap-south-1b,0.0068,2026-09-15T12:00:00+00:00
t3.small,ap-south-1c,0.0078,2026-09-15T07:00:00+00:00
t3.small,ap-south-1a,0.0075,2026-09-15T06:00:00+00:00
t3.small,ap-south-1b,0.0068,2026-09-15T05:00:00+00:00
t3.small,ap-south-1c,0.0077,2026-09-14T23:00:00+00:00
t3.small,ap-south-1a,0.0075,2026-09-14T23:00:00+00:00
t3.small,ap-south-1b,0.0069,2026-09-14T21:00:00+00:00
t3.small,ap-south-1c,0.0077,2026-09-14T18:00:00+00:00
t3.small,ap-south-1b,0.0069,2026-09-14T17:00:00+00:00
t3.small,ap-south-1a,0.0075,2026-09-14T16:00:00+00:00
t3.small,ap-south-1b,0.0069,2026-09-14T13:00:00+00:00
t3.small,ap-south-1a,0.0075,2026-09-14T12:00:00+00:00
t3.small,ap-south-1b,0.0069,2026-09-14T09:00:00+00:00
t3.small,ap-south-1c,0.0077,2026-09-14T09:00:00+00:00
t3.small,ap-south-1a,0.0075,2026-09-14T09:00:00+00:00
t3.small,ap-south-1a,0.0075,2026-09-14T06:00:00+00:00
t3.small,ap-south-1b,0.0069,2026-09-14T04:00:00+00:00
t3.small,ap-south-1a,0.0075,2026-09-14T02:00:00+00:00
t3.small,ap-south-1c,0.0077,2026-09-14T01:00:00+00:00
t3.small,ap-south-1b,0.0068,2026-09-13T23:00:00+00:00
t3.small,ap-south-1a,0.0075,2026-09-13T22:00:00+00:00
t3.small,ap-south-1b,0.0068,2026-09-13T20:00:00+00:00
t3.small,ap-south-1c,0.0076,2026-09-13T16:00:00+00:00
t3.small,ap-south-1b,0.0068,2026-09-13T15:00:00+00:00
t3.small,ap-south-1a,0.0075,2026-09-13T13:00:00+00:00
t3.small,ap-south-1b,0.0069,2026-09-13T08:00:00+00:00
t3.small,ap-south-1a,0.0075,2026-09-13T08:00:00+00:00
t3.small,ap-south-1c,0.0076,2026-09-13T07:00:00+00:00
t3.small,ap-south-1c,0.0075,2026-09-13T03:00:00+00:00
t3.small,ap-south-1b,0.0069,2026-09-13T01:00:00+00:00
t3.small,ap-south-1c,0.0075,2026-09-12T23:00:00+00:00
t3.small,ap-south-1a,0.0075,2026-09-12T23:00:00+00:00
t3.small,ap-south-1a,0.0075,2026-09-12T20:00:00+00:00
t3.small,ap-south-1b,0.0069,2026-09-12T18:00:00+00:00
t3.small,ap-south-1c,0.0075,2026-09-12T17:00:00+00:00
t3.small,ap-south-1a,0.0074,2026-09-12T16:00:00+00:00
t3.small,ap-south-1b,0.0069,2026-09-12T13:00:00+00:00
t3.small,ap-south-1c,0.0075,2026-09-12T11:00:00+00:00
t3.small,ap-south-1a,0.0074,2026-09-12T07:00:00+00:00
t3.small,ap-south-1b,0.0069,2026-09-12T06:00:00+00:00
t3.small,ap-south-1b,0.0069,2026-09-12T03:00:00+00:00
t3.small,ap-south-1c,0.0075,2026-09-12T03:00:00+00:00
t3.small,ap-south-1a,0.0073,2026-09-12T02:00:00+00:00
t3.small,ap-south-1c,0.0076,2026-09-11T21:00:00+00:00
t3.small,ap-south-1b,0.0069,2026-09-11T18:00:00+00:00
t3.small,ap-south-1a,0.0073,2026-09-11T17:00:00+00:00
t3.small,ap-south-1c,0.0076,2026-09-11T16:00:00+00:00
t3.small,ap-south-1c,0.0076,2026-09-11T13:00:00+00:00
t3.small,ap-south-1a,0.0073,2026-09-11T12:00:00+00:00
t3.small,ap-south-1b,0.0069,2026-09-11T11:00:00+00:00
t3.small,ap-south-1c,0.0076,2026-09-11T07:00:00+00:00
t3.small,ap-south-1a,0.0073,2026-09-11T06:00:00+00:00
t3.small,ap-south-1c,0.0076,2026-09-11T03:00:00+00:00
t3.small,ap-south-1a,0.0073,2026-09-11T03:00:00+00:00
t3.small,ap-south-1b,0.0069,2026-09-11T02:00:00+00:00
t3.small,ap-south-1c,0.0076,2026-09-11T00:00:00+00:00
t3.small,ap-south-1a,0.0074,2026-09-10T23:00:00+00:00
t3.small,ap-south-1a,0.0074,2026-09-10T20:00:00+00:00
t3.small,ap-south-1b,0.0069,2026-09-10T17:00:00+00:00
t3.small,ap-south-1c,0.0075,2026-09-10T17:00:00+00:00
t3.small,ap-south-1a,0.0074,2026-09-10T17:00:00+00:00
t3.small,ap-south-1b,0.0069,2026-09-10T13:00:00+00:00
t3.small,ap-south-1a,0.0074,2026-09-10T11:00:00+00:00
t3.small,ap-south-1c,0.0075,2026-09-10T09:00:00+00:00
t3.small,ap-south-1b,0.0069,2026-09-10T08:00:00+00:00
t3.small,ap-south-1c,0.0075,2026-09-10T04:00:00+00:00
t3.small,ap-south-1b,0.0069,2026-09-10T02:00:00+00:00
t3.small,ap-south-1a,0.0074,2026-09-10T02:00:00+00:00
t3.small,ap-south-1b,0.0069,2026-09-09T23:00:00+00:00
t3.small,ap-south-1a,0.0075,2026-09-09T21:00:00+00:00
t3.small,ap-south-1c,0.0075,2026-09-09T20:00:00+00:00
t3.small,ap-south-1c,0.0075,2026-09-09T17:00:00+00:00
t3.small,ap-south-1b,0.0068,2026-09-09T14:00:00+00:00
t3.small,ap-south-1a,0.0075,2026-09-09T14:00:00+00:00
t3.small,ap-south-1c,0.0075,2026-09-09T12:00:00+00:00
t3.small,ap-south-1b,0.0068,2026-09-09T09:00:00+00:00
t3.small,ap-south-1a,0.0076,2026-09-09T09:00:00+00:00
t3.small,ap-south-1c,0.0075,2026-09-09T08:00:00+00:00
t3.small,ap-south-1b,0.0068,2026-09-09T06:00:00+00:00
t3.small,ap-south-1c,0.0075,2026-09-09T05:00:00+00:00
t3.small,ap-south-1a,0.0076,2026-09-09T01:00:00+00:00
t3.small,ap-south-1b,0.0068,2026-09-08T22:00:00+00:00
t3.small,ap-south-1c,0.0075,2026-09-08T21:00:00+00:00
t3.small,ap-south-1c,0.0075,2026-09-08T18:00:00+00:00
t3.small,ap-south-1a,0.0077,2026-09-08T18:00:00+00:00
t3.small,ap-south-1b,0.0068,2026-09-08T17:00:00+00:00
t3.small,ap-south-1a,0.0077,2026-09-08T14:00:00+00:00
t3.small,ap-south-1c,0.0075,2026-09-08T11:00:00+00:00
t3.small,ap-south-1b,0.0068,2026-09-08T10:00:00+00:00
t3.small,ap-south-1c,0.0075,2026-09-08T07:00:00+00:00
t3.small,ap-south-1a,0.0077,2026-09-08T05:00:00+00:00
t3.small,ap-south-1b,0.0068,2026-09-08T04:00:00+00:00
t3.small,ap-south-1a,0.0077,2026-09-07T23:00:00+00:00
t3.small,ap-south-1c,0.0074,2026-09-07T22:00:00+00:00
t3.small,ap-south-1b,0.0068,2026-09-07T20:00:00+00:00
t3.small,ap-south-1a,0.0077,2026-09-07T19:00:00+00:00
t3.small,ap-south-1c,0.0074,2026-09-07T18:00:00+00:00
t3.small,ap-south-1b,0.0068,2026-09-07T14:00:00+00:00
t3.small,ap-south-1a,0.0077,2026-09-07T13:00:00+00:00
t3.small,ap-south-1c,0.0074,2026-09-07T09:00:00+00:00
t3.small,ap-south-1a,0.0077,2026-09-07T07:00:00+00:00
t3.small,ap-south-1b,0.0068,2026-09-07T05:00:00+00:00
t3.small,ap-south-1c,0.0074,2026-09-07T05:00:00+00:00
t3.small,ap-south-1b,0.0068,2026-09-07T01:00:00+00:00
t3.small,ap-south-1c,0.0074,2026-09-07T01:00:00+00:00
t3.small,ap-south-1a,0.0077,2026-09-07T01:00:00+00:00
t3.small,ap-south-1c,0.0074,2026-09-06T22:00:00+00:00
t3.small,ap-south-1a,0.0076,2026-09-06T22:00:00+00:00
t3.small,ap-south-1c,0.0074,2026-09-06T18:00:00+00:00
t3.small,ap-south-1b,0.0068,2026-09-06T17:00:00+00:00
t3.small,ap-south-1a,0.0076,2026-09-06T16:00:00+00:00
t3.small,ap-south-1b,0.0068,2026-09-06T13:00:00+00:00
t3.small,ap-south-1a,0.0076,2026-09-06T13:00:00+00:00
t3.small,ap-south-1c,0.0074,2026-09-06T12:00:00+00:00
t3.small,ap-south-1c,0.0074,2026-09-06T09:00:00+00:00
t3.small,ap-south-1a,0.0076,2026-09-06T08:00:00+00:00
t3.small,ap-south-1b,0.0068,2026-09-06T07:00:00+00:00
t3.small,ap-south-1a,0.0076,2026-09-06T04:00:00+00:00
t3.small,ap-south-1c,0.0074,2026-09-06T00:00:00+00:00
t3.small,ap-south-1b,0.0068,2026-09-05T23:00:00+00:00
t3.small,ap-south-1a,0.0076,2026-09-05T23:00:00+00:00
t3.small,ap-south-1b,0.0068,2026-09-05T19:00:00+00:00
t3.small,ap-south-1a,0.0077,2026-09-05T18:00:00+00:00
t3.small,ap-south-1c,0.0074,2026-09-05T17:00:00+00:00
t3.small,ap-south-1b,0.0068,2026-09-05T15:00:00+00:00
t3.small,ap-south-1a,0.0077,2026-09-05T13:00:00+00:00
t3.small,ap-south-1c,0.0074,2026-09-05T11:00:00+00:00
t3.small,ap-south-1b,0.0068,2026-09-05T08:00:00+00:00
t3.small,ap-south-1c,0.0074,2026-09-05T05:00:00+00:00
t3.small,ap-south-1a,0.0077,2026-09-05T05:00:00+00:00
t3.small,ap-south-1b,0.0067,2026-09-05T01:00:00+00:00
t3.small,ap-south-1c,0.0072,2026-09-04T22:00:00+00:00
t3.small,ap-south-1a,0.0077,2026-09-04T20:00:00+00:00
t3.small,ap-south-1c,0.0071,2026-09-04T19:00:00+00:00
t3.small,ap-south-1b,0.0066,2026-09-04T17:00:00+00:00
t3.small,ap-south-1a,0.0078,2026-09-04T17:00:00+00:00
t3.small,ap-south-1c,0.0071,2026-09-04T15:00:00+00:00
t3.small,ap-south-1b,0.0065,2026-09-04T14:00:00+00:00
t3.small,ap-south-1c,0.0071,2026-09-04T11:00:00+00:00
t3.small,ap-south-1a,0.0078,2026-09-04T09:00:00+00:00
t3.small,ap-south-1b,0.0063,2026-09-04T07:00:00+00:00
t3.small,ap-south-1c,0.007,2026-09-04T06:00:00+00:00
t3.small,ap-south-1a,0.0077,2026-09-04T05:00:00+00:00
t3.small,ap-south-1b,0.0063,2026-09-04T01:00:00+00:00
t3.small,ap-south-1c,0.0069,2026-09-04T01:00:00+00:00
t3.small,ap-south-1a,0.0075,2026-09-04T01:00:00+00:00
t3.small,ap-south-1a,0.0074,2026-09-03T22:00:00+00:00
t3.small,ap-south-1b,0.0062,2026-09-03T20:00:00+00:00
t3.small,ap-south-1c,0.0067,2026-09-03T20:00:00+00:00
t3.small,ap-south-1a,0.0073,2026-09-03T18:00:00+00:00
t3.small,ap-south-1c,0.0067,2026-09-03T16:00:00+00:00
t3.small,ap-south-1a,0.0073,2026-09-03T15:00:00+00:00
t3.small,ap-south-1b,0.0062,2026-09-03T11:00:00+00:00
t3.small,ap-south-1c,0.0067,2026-09-03T11:00:00+00:00
t3.small,ap-south-1a,0.0073,2026-09-03T10:00:00+00:00
t3.small,ap-south-1b,0.0062,2026-09-03T06:00:00+00:00
t3.small,ap-south-1c,0.0067,2026-09-03T04:00:00+00:00
t3.small,ap-south-1a,0.0073,2026-09-03T03:00:00+00:00
t3.small,ap-south-1b,0.0062,2026-09-03T01:00:00+00:00
t3.small,ap-south-1c,0.0067,2026-09-03T01:00:00+00:00
t3.small,ap-south-1a,0.0073,2026-09-02T19:00:00+00:00
t3.small,ap-south-1b,0.0062,2026-09-02T18:00:00+00:00
t3.small,ap-south-1c,0.0067,2026-09-02T17:00:00+00:00
t3.small,ap-south-1c,0.0068,2026-09-02T12:00:00+00:00
t3.small,ap-south-1a,0.0074,2026-09-02T12:00:00+00:00
t3.small,ap-south-1b,0.0062,2026-09-02T11:00:00+00:00
t3.small,ap-south-1b,0.0062,2026-09-02T08:00:00+00:00
t3.small,ap-south-1c,0.0068,2026-09-02T08:00:00+00:00
t3.small,ap-south-1a,0.0074,2026-09-02T03:00:00+00:00
t3.small,ap-south-1b,0.0062,2026-09-02T02:00:00+00:00
t3.small,ap-south-1c,0.0067,2026-09-02T02:00:00+00:00
t3.small,ap-south-1a,0.0074,2026-09-01T21:00:00+00:00
t3.small,ap-south-1c,0.0067,2026-09-01T20:00:00+00:00
t3.small,ap-south-1b,0.0062,2026-09-01T17:00:00+00:00
t3.small,ap-south-1a,0.0074,2026-09-01T17:00:00+00:00
t3.small,ap-south-1c,0.0067,2026-09-01T11:00:00+00:00
t3.small,ap-south-1a,0.0074,2026-09-01T11:00:00+00:00
t3.small,ap-south-1b,0.0062,2026-09-01T08:00:00+00:00
t3.small,ap-south-1c,0.0067,2026-09-01T08:00:00+00:00
t3.small,ap-south-1a,0.0074,2026-09-01T06:00:00+00:00
t3.small,ap-south-1b,0.0062,2026-09-01T05:00:00+00:00
t3.small,ap-south-1c,0.0067,2026-09-01T00:00:00+00:00
t3.small,ap-south-1a,0.0074,2026-08-31T22:00:00+00:00
t3.small,ap-south-1c,0.0067,2026-08-31T21:00:00+00:00
t3.small,ap-south-1b,0.0062,2026-08-31T20:00:00+00:00
t3.small,ap-south-1b,0.0062,2026-08-31T17:00:00+00:00
t3.small,ap-south-1a,0.0074,2026-08-31T16:00:00+00:00
t3.small,ap-south-1c,0.0067,2026-08-31T14:00:00+00:00
t3.small,ap-south-1b,0.0062,2026-08-31T11:00:00+00:00
t3.small,ap-south-1a,0.0074,2026-08-31T08:00:00+00:00
t3.small,ap-south-1c,0.0067,2026-08-31T07:00:00+00:00
t3.small,ap-south-1b,0.0062,2026-08-31T05:00:00+00:00
t3.small,ap-south-1a,0.0074,2026-08-31T05:00:00+00:00
t3.small,ap-south-1c,0.0067,2026-08-31T02:00:00+00:00
t3.small,ap-south-1a,0.0074,2026-08-31T02:00:00+00:00
t3.small,ap-south-1b,0.0062,2026-08-30T22:00:00+00:00
t3.small,ap-south-1c,0.0067,2026-08-30T20:00:00+00:00
t3.small,ap-south-1a,0.0074,2026-08-30T19:00:00+00:00
t3.small,ap-south-1b,0.0062,2026-08-30T18:00:00+00:00
t3.small,ap-south-1c,0.0067,2026-08-30T12:00:00+00:00
t3.small,ap-south-1b,0.0062,2026-08-30T11:00:00+00:00
t3.small,ap-south-1a,0.0074,2026-08-30T11:00:00+00:00
t3.small,ap-south-1b,0.0062,2026-08-30T08:00:00+00:00
t3.small,ap-south-1c,0.0067,2026-08-30T08:00:00+00:00
t3.small,ap-south-1a,0.0074,2026-08-30T08:00:00+00:00
t3.small,ap-south-1b,0.0062,2026-08-30T01:00:00+00:00
t3.small,ap-south-1c,0.0067,2026-08-30T01:00:00+00:00
t3.small,ap-south-1a,0.0074,2026-08-29T23:00:00+00:00
t3.small,ap-south-1b,0.0062,2026-08-29T19:00:00+00:00
t3.small,ap-south-1c,0.0067,2026-08-29T19:00:00+00:00
t3.small,ap-south-1a,0.0075,2026-08-29T16:00:00+00:00
t3.small,ap-south-1b,0.0062,2026-08-29T15:00:00+00:00
t3.small,ap-south-1c,0.0067,2026-08-29T11:00:00+00:00
t3.small,ap-south-1a,0.0075,2026-08-29T07:00:00+00:00
t3.small,ap-south-1b,0.0062,2026-08-29T06:00:00+00:00
t3.small,ap-south-1c,0.0067,2026-08-29T06:00:00+00:00
t3.small,ap-south-1c,0.0067,2026-08-29T02:00:00+00:00
t3.small,ap-south-1b,0.0062,2026-08-28T23:00:00+00:00
t3.small,ap-south-1c,0.0067,2026-08-28T23:00:00+00:00
t3.small,ap-south-1a,0.0075,2026-08-28T23:00:00+00:00
t3.small,ap-south-1c,0.0068,2026-08-28T17:00:00+00:00
t3.small,ap-south-1a,0.0075,2026-08-28T17:00:00+00:00
t3.small,ap-south-1b,0.0062,2026-08-28T15:00:00+00:00
t3.small,ap-south-1c,0.0068,2026-08-28T10:00:00+00:00
t3.small,ap-south-1a,0.0076,2026-08-28T10:00:00+00:00
t3.small,ap-south-1b,0.0062,2026-08-28T08:00:00+00:00
t3.medium,ap-south-1c,0.0209,2026-09-27T13:00:00+00:00
t3.medium,ap-south-1a,0.0161,2026-09-27T12:00:00+00:00
t3.medium,ap-south-1b,0.0216,2026-09-27T11:00:00+00:00
t3.medium,ap-south-1c,0.0209,2026-09-27T09:00:00+00:00
t3.medium,ap-south-1a,0.016,2026-09-27T07:00:00+00:00
t3.medium,ap-south-1c,0.021,2026-09-27T05:00:00+00:00
t3.medium,ap-south-1b,0.0216,2026-09-27T02:00:00+00:00
t3.medium,ap-south-1a,0.0158,2026-09-26T23:00:00+00:00
t3.medium,ap-south-1b,0.0215,2026-09-26T20:00:00+00:00
t3.medium,ap-south-1c,0.0209,2026-09-26T20:00:00+00:00
t3.medium,ap-south-1a,0.0157,2026-09-26T18:00:00+00:00
t3.medium,ap-south-1c,0.0208,2026-09-26T16:00:00+00:00
t3.medium,ap-south-1b,0.0213,2026-09-26T13:00:00+00:00
t3.medium,ap-south-1c,0.0205,2026-09-26T12:00:00+00:00
t3.medium,ap-south-1b,0.021,2026-09-26T10:00:00+00:00
t3.medium,ap-south-1c,0.0204,2026-09-26T09:00:00+00:00
t3.medium,ap-south-1a,0.0154,2026-09-26T09:00:00+00:00
t3.medium,ap-south-1c,0.0202,2026-09-26T04:00:00+00:00
t3.medium,ap-south-1b,0.0207,2026-09-26T03:00:00+00:00
t3.medium,ap-south-1a,0.0152,2026-09-26T01:00:00+00:00
t3.medium,ap-south-1b,0.0206,2026-09-26T00:00:00+00:00
t3.medium,ap-south-1c,0.02,2026-09-26T00:00:00+00:00
t3.medium,ap-south-1b,0.0205,2026-09-25T19:00:00+00:00
t3.medium,ap-south-1a,0.015,2026-09-25T17:00:00+00:00
t3.medium,ap-south-1c,0.0197,2026-09-25T16:00:00+00:00
t3.medium,ap-south-1b,0.0205,2026-09-25T15:00:00+00:00
t3.medium,ap-south-1a,0.015,2026-09-25T10:00:00+00:00
t3.medium,ap-south-1b,0.0204,2026-09-25T09:00:00+00:00
t3.medium,ap-south-1c,0.0195,2026-09-25T07:00:00+00:00
t3.medium,ap-south-1a,0.0149,2026-09-25T06:00:00+00:00
t3.medium,ap-south-1c,0.0191,2026-09-25T04:00:00+00:00
t3.medium,ap-south-1b,0.0201,2026-09-25T03:00:00+00:00
t3.medium,ap-south-1a,0.0148,2026-09-25T01:00:00+00:00
t3.medium,ap-south-1b,0.0198,2026-09-24T22:00:00+00:00
t3.medium,ap-south-1a,0.0147,2026-09-24T21:00:00+00:00
t3.medium,ap-south-1c,0.0189,2026-09-24T19:00:00+00:00
t3.medium,ap-south-1b,0.0195,2026-09-24T18:00:00+00:00
t3.medium,ap-south-1c,0.0187,2026-09-24T16:00:00+00:00
t3.medium,ap-south-1c,0.0187,2026-09-24T13:00:00+00:00
t3.medium,ap-south-1a,0.0144,2026-09-24T12:00:00+00:00
t3.medium,ap-south-1c,0.0187,2026-09-24T10:00:00+00:00
t3.medium,ap-south-1b,0.0194,2026-09-24T09:00:00+00:00
t3.medium,ap-south-1a,0.0144,2026-09-24T06:00:00+00:00
t3.medium,ap-south-1b,0.0193,2026-09-24T05:00:00+00:00
t3.medium,ap-south-1c,0.0187,2026-09-24T03:00:00+00:00
t3.medium,ap-south-1c,0.0187,2026-09-24T00:00:00+00:00
t3.medium,ap-south-1a,0.0144,2026-09-24T00:00:00+00:00
t3.medium,ap-south-1b,0.0193,2026-09-23T21:00:00+00:00
t3.medium,ap-south-1c,0.0187,2026-09-23T19:00:00+00:00
t3.medium,ap-south-1a,0.0144,2026-09-23T19:00:00+00:00
t3.medium,ap-south-1b,0.0194,2026-09-23T12:00:00+00:00
t3.medium,ap-south-1c,0.0188,2026-09-23T12:00:00+00:00
t3.medium,ap-south-1a,0.0144,2026-09-23T11:00:00+00:00
t3.medium,ap-south-1b,0.0194,2026-09-23T08:00:00+00:00
t3.medium,ap-south-1c,0.0189,2026-09-23T05:00:00+00:00
t3.medium,ap-south-1a,0.0144,2026-09-23T04:00:00+00:00
t3.medium,ap-south-1b,0.0194,2026-09-23T02:00:00+00:00
t3.medium,ap-south-1a,0.0146,2026-09-23T00:00:00+00:00
t3.medium,ap-south-1b,0.0195,2026-09-22T23:00:00+00:00
t3.medium,ap-south-1c,0.0189,2026-09-22T20:00:00+00:00
t3.medium,ap-south-1a,0.0146,2026-09-22T18:00:00+00:00
t3.medium,ap-south-1c,0.0191,2026-09-22T16:00:00+00:00
t3.medium,ap-south-1b,0.0195,2026-09-22T14:00:00+00:00
t3.medium,ap-south-1c,0.0191,2026-09-22T12:00:00+00:00
t3.medium,ap-south-1a,0.0147,2026-09-22T12:00:00+00:00
t3.medium,ap-south-1b,0.0196,2026-09-22T11:00:00+00:00
t3.medium,ap-south-1c,0.0191,2026-09-22T07:00:00+00:00
t3.medium,ap-south-1a,0.0147,2026-09-22T07:00:00+00:00
t3.medium,ap-south-1b,0.0196,2026-09-22T04:00:00+00:00
t3.medium,ap-south-1c,0.0191,2026-09-22T02:00:00+00:00
t3.medium,ap-south-1a,0.0147,2026-09-22T02:00:00+00:00
t3.medium,ap-south-1b,0.0196,2026-09-21T20:00:00+00:00
t3.medium,ap-south-1a,0.0147,2026-09-21T20:00:00+00:00
t3.medium,ap-south-1c,0.0191,2026-09-21T18:00:00+00:00
t3.medium,ap-south-1c,0.0191,2026-09-21T15:00:00+00:00
t3.medium,ap-south-1a,0.0147,2026-09-21T14:00:00+00:00
t3.medium,ap-south-1b,0.0197,2026-09-21T11:00:00+00:00
t3.medium,ap-south-1c,0.019,2026-09-21T08:00:00+00:00
t3.medium,ap-south-1a,0.0148,2026-09-21T05:00:00+00:00
t3.medium,ap-south-1b,0.0197,2026-09-21T02:00:00+00:00
t3.medium,ap-south-1c,0.0189,2026-09-21T00:00:00+00:00
t3.medium,ap-south-1b,0.0197,2026-09-20T23:00:00+00:00
t3.medium,ap-south-1a,0.0148,2026-09-20T22:00:00+00:00
t3.medium,ap-south-1b,0.0197,2026-09-20T19:00:00+00:00
t3.medium,ap-south-1c,0.0189,2026-09-20T19:00:00+00:00
t3.medium,ap-south-1a,0.0148,2026-09-20T17:00:00+00:00
t3.medium,ap-south-1b,0.0197,2026-09-20T16:00:00+00:00
t3.medium,ap-south-1a,0.0148,2026-09-20T14:00:00+00:00
t3.medium,ap-south-1c,0.0189,2026-09-20T11:00:00+00:00
t3.medium,ap-south-1b,0.0198,2026-09-20T09:00:00+00:00
t3.medium,ap-south-1a,0.0149,2026-09-20T08:00:00+00:00
t3.medium,ap-south-1c,0.0189,2026-09-20T06:00:00+00:00
t3.medium,ap-south-1c,0.0189,2026-09-20T02:00:00+00:00
t3.medium,ap-south-1b,0.0198,2026-09-20T01:00:00+00:00
t3.medium,ap-south-1a,0.0149,2026-09-19T23:00:00+00:00
t3.medium,ap-south-1c,0.0189,2026-09-19T22:00:00+00:00
t3.medium,ap-south-1b,0.0199,2026-09-19T21:00:00+00:00
t3.medium,ap-south-1c,0.019,2026-09-19T16:00:00+00:00
t3.medium,ap-south-1a,0.0149,2026-09-19T15:00:00+00:00
t3.medium,ap-south-1b,0.0199,2026-09-19T12:00:00+00:00
t3.medium,ap-south-1c,0.019,2026-09-19T09:00:00+00:00
t3.medium,ap-south-1a,0.0149,2026-09-19T07:00:00+00:00
t3.medium,ap-south-1b,0.0199,2026-09-19T03:00:00+00:00
t3.medium,ap-south-1c,0.0191,2026-09-19T03:00:00+00:00
t3.medium,ap-south-1b,0.0199,2026-09-18T22:00:00+00:00
t3.medium,ap-south-1a,0.015,2026-09-18T22:00:00+00:00
t3.medium,ap-south-1b,0.0199,2026-09-18T19:00:00+00:00
t3.medium,ap-south-1c,0.0192,2026-09-18T19:00:00+00:00
t3.medium,ap-south-1b,0.0199,2026-09-18T16:00:00+00:00
t3.medium,ap-south-1c,0.0193,2026-09-18T15:00:00+00:00
t3.medium,ap-south-1a,0.0149,2026-09-18T14:00:00+00:00
t3.medium,ap-south-1b,0.0199,2026-09-18T13:00:00+00:00
t3.medium,ap-south-1a,0.0149,2026-09-18T11:00:00+00:00
t3.medium,ap-south-1c,0.0194,2026-09-18T10:00:00+00:00
t3.medium,ap-south-1a,0.0149,2026-09-18T08:00:00+00:00
t3.medium,ap-south-1c,0.0194,2026-09-18T05:00:00+00:00
t3.medium,ap-south-1b,0.0199,2026-09-18T04:00:00+00:00
t3.medium,ap-south-1c,0.0194,2026-09-18T01:00:00+00:00
t3.medium,ap-south-1b,0.0199,2026-09-18T00:00:00+00:00
t3.medium,ap-south-1a,0.0149,2026-09-18T00:00:00+00:00
t3.medium,ap-south-1c,0.0194,2026-09-17T21:00:00+00:00
t3.medium,ap-south-1b,0.0199,2026-09-17T17:00:00+00:00
t3.medium,ap-south-1a,0.0149,2026-09-17T15:00:00+00:00
t3.medium,ap-south-1c,0.0194,2026-09-17T14:00:00+00:00
t3.medium,ap-south-1b,0.0199,2026-09-17T12:00:00+00:00
t3.medium,ap-south-1a,0.0149,2026-09-17T09:00:00+00:00
t3.medium,ap-south-1c,0.0195,2026-09-17T08:00:00+00:00
t3.medium,ap-south-1b,0.0199,2026-09-17T06:00:00+00:00
t3.medium,ap-south-1a,0.0149,2026-09-17T04:00:00+00:00
t3.medium,ap-south-1c,0.0195,2026-09-17T03:00:00+00:00
t3.medium,ap-south-1b,0.0198,2026-09-16T23:00:00+00:00
t3.medium,ap-south-1a,0.0149,2026-09-16T21:00:00+00:00
t3.medium,ap-south-1c,0.0195,2026-09-16T18:00:00+00:00
t3.medium,ap-south-1b,0.0199,2026-09-16T15:00:00+00:00
t3.medium,ap-south-1a,0.0149,2026-09-16T13:00:00+00:00
t3.medium,ap-south-1b,0.0199,2026-09-16T12:00:00+00:00
t3.medium,ap-south-1c,0.0195,2026-09-16T12:00:00+00:00
t3.medium,ap-south-1c,0.0195,2026-09-16T08:00:00+00:00
t3.medium,ap-south-1b,0.0199,2026-09-16T05:00:00+00:00
t3.medium,ap-south-1c,0.0195,2026-09-16T04:00:00+00:00
t3.medium,ap-south-1a,0.0149,2026-09-16T04:00:00+00:00
t3.medium,ap-south-1b,0.0199,2026-09-15T21:00:00+00:00
t3.medium,ap-south-1a,0.0149,2026-09-15T21:00:00+00:00
t3.medium,ap-south-1c,0.0195,2026-09-15T19:00:00+00:00
t3.medium,ap-south-1b,0.02,2026-09-15T17:00:00+00:00
t3.medium,ap-south-1a,0.0149,2026-09-15T17:00:00+00:00
t3.medium,ap-south-1b,0.02,2026-09-15T12:00:00+00:00
t3.medium,ap-south-1c,0.0195,2026-09-15T10:00:00+00:00
t3.medium,ap-south-1a,0.0148,2026-09-15T10:00:00+00:00
t3.medium,ap-south-1b,0.0201,2026-09-15T09:00:00+00:00
t3.medium,ap-south-1a,0.0148,2026-09-15T04:00:00+00:00
t3.medium,ap-south-1c,0.0196,2026-09-15T03:00:00+00:00
t3.medium,ap-south-1b,0.0201,2026-09-15T01:00:00+00:00
t3.medium,ap-south-1b,0.02,2026-09-14T22:00:00+00:00
t3.medium,ap-south-1a,0.0148,2026-09-14T20:00:00+00:00
t3.medium,ap-south-1c,0.0196,2026-09-14T19:00:00+00:00
t3.medium,ap-south-1b,0.02,2026-09-14T13:00:00+00:00
t3.medium,ap-south-1a,0.0148,2026-09-14T13:00:00+00:00
t3.medium,ap-south-1c,0.0196,2026-09-14T12:00:00+00:00
t3.medium,ap-south-1b,0.0199,2026-09-14T08:00:00+00:00
t3.medium,ap-south-1c,0.0196,2026-09-14T07:00:00+00:00
t3.medium,ap-south-1a,0.0147,2026-09-14T05:00:00+00:00
t3.medium,ap-south-1b,0.0199,2026-09-14T04:00:00+00:00
t3.medium,ap-south-1c,0.0196,2026-09-14T03:00:00+00:00
t3.medium,ap-south-1a,0.0146,2026-09-14T01:00:00+00:00
t3.medium,ap-south-1a,0.0146,2026-09-13T22:00:00+00:00
t3.medium,ap-south-1c,0.0195,2026-09-13T21:00:00+00:00
t3.medium,ap-south-1b,0.0199,2026-09-13T20:00:00+00:00
t3.medium,ap-south-1c,0.0195,2026-09-13T15:00:00+00:00
t3.medium,ap-south-1a,0.0145,2026-09-13T15:00:00+00:00
t3.medium,ap-south-1b,0.0198,2026-09-13T12:00:00+00:00
t3.medium,ap-south-1a,0.0145,2026-09-13T12:00:00+00:00
t3.medium,ap-south-1c,0.0194,2026-09-13T08:00:00+00:00
t3.medium,ap-south-1b,0.0198,2026-09-13T06:00:00+00:00
t3.medium,ap-south-1a,0.0144,2026-09-13T06:00:00+00:00
t3.medium,ap-south-1a,0.0144,2026-09-13T03:00:00+00:00
t3.medium,ap-south-1c,0.0193,2026-09-12T23:00:00+00:00
t3.medium,ap-south-1b,0.0198,2026-09-12T22:00:00+00:00
t3.medium,ap-south-1a,0.0144,2026-09-12T21:00:00+00:00
t3.medium,ap-south-1c,0.0193,2026-09-12T19:00:00+00:00
t3.medium,ap-south-1b,0.0198,2026-09-12T17:00:00+00:00
t3.medium,ap-south-1b,0.0198,2026-09-12T13:00:00+00:00
t3.medium,ap-south-1c,0.0194,2026-09-12T12:00:00+00:00
t3.medium,ap-south-1a,0.0144,2026-09-12T12:00:00+00:00
t3.medium,ap-south-1b,0.0198,2026-09-12T08:00:00+00:00
t3.medium,ap-south-1c,0.0194,2026-09-12T05:00:00+00:00
t3.medium,ap-south-1b,0.0198,2026-09-12T03:00:00+00:00
t3.medium,ap-south-1a,0.0144,2026-09-12T03:00:00+00:00
t3.medium,ap-south-1c,0.0194,2026-09-12T02:00:00+00:00
t3.medium,ap-south-1a,0.0143,2026-09-11T19:00:00+00:00
t3.medium,ap-south-1b,0.0199,2026-09-11T18:00:00+00:00
t3.medium,ap-south-1c,0.0195,2026-09-11T17:00:00+00:00
t3.medium,ap-south-1b,0.0199,2026-09-11T12:00:00+00:00
t3.medium,ap-south-1a,0.0144,2026-09-11T10:00:00+00:00
t3.medium,ap-south-1c,0.0196,2026-09-11T09:00:00+00:00
t3.medium,ap-south-1b,0.0199,2026-09-11T03:00:00+00:00
t3.medium,ap-south-1c,0.0196,2026-09-11T01:00:00+00:00
t3.medium,ap-south-1a,0.0144,2026-09-11T01:00:00+00:00
t3.medium,ap-south-1b,0.0199,2026-09-10T22:00:00+00:00
t3.medium,ap-south-1c,0.0196,2026-09-10T19:00:00+00:00
t3.medium,ap-south-1a,0.0144,2026-09-10T19:00:00+00:00
t3.medium,ap-south-1c,0.0197,2026-09-10T16:00:00+00:00
t3.medium,ap-south-1b,0.0199,2026-09-10T14:00:00+00:00
t3.medium,ap-south-1a,0.0144,2026-09-10T12:00:00+00:00
t3.medium,ap-south-1b,0.0199,2026-09-10T10:00:00+00:00
t3.medium,ap-south-1c,0.0198,2026-09-10T09:00:00+00:00
t3.medium,ap-south-1a,0.0144,2026-09-10T09:00:00+00:00
t3.medium,ap-south-1c,0.0198,2026-09-10T05:00:00+00:00
t3.medium,ap-south-1b,0.0199,2026-09-10T01:00:00+00:00
t3.medium,ap-south-1a,0.0144,2026-09-10T00:00:00+00:00
t3.medium,ap-south-1c,0.0198,2026-09-09T23:00:00+00:00
t3.medium,ap-south-1b,0.0198,2026-09-09T16:00:00+00:00
t3.medium,ap-south-1c,0.0198,2026-09-09T16:00:00+00:00
t3.medium,ap-south-1a,0.0144,2026-09-09T16:00:00+00:00
t3.medium,ap-south-1c,0.0199,2026-09-09T10:00:00+00:00
t3.medium,ap-south-1b,0.0198,2026-09-09T09:00:00+00:00
t3.medium,ap-south-1a,0.0144,2026-09-09T08:00:00+00:00
t3.medium,ap-south-1b,0.0198,2026-09-09T04:00:00+00:00
t3.medium,ap-south-1c,0.0201,2026-09-09T01:00:00+00:00
t3.medium,ap-south-1a,0.0144,2026-09-09T01:00:00+00:00
t3.medium,ap-south-1b,0.0198,2026-09-08T23:00:00+00:00
t3.medium,ap-south-1c,0.0202,2026-09-08T21:00:00+00:00
t3.medium,ap-south-1a,0.0144,2026-09-08T20:00:00+00:00
t3.medium,ap-south-1a,0.0144,2026-09-08T17:00:00+00:00
t3.medium,ap-south-1b,0.0197,2026-09-08T16:00:00+00:00
t3.medium,ap-south-1c,0.0202,2026-09-08T12:00:00+00:00
t3.medium,ap-south-1b,0.0197,2026-09-08T10:00:00+00:00
t3.medium,ap-south-1a,0.0144,2026-09-08T08:00:00+00:00
t3.medium,ap-south-1c,0.0202,2026-09-08T07:00:00+00:00
t3.medium,ap-south-1b,0.0197,2026-09-08T05:00:00+00:00
t3.medium,ap-south-1c,0.0202,2026-09-08T01:00:00+00:00
t3.medium,ap-south-1a,0.0144,2026-09-07T23:00:00+00:00
t3.medium,ap-south-1b,0.0196,2026-09-07T22:00:00+00:00
t3.medium,ap-south-1c,0.0201,2026-09-07T21:00:00+00:00
t3.medium,ap-south-1b,0.0196,2026-09-07T19:00:00+00:00
t3.medium,ap-south-1a,0.0144,2026-09-07T19:00:00+00:00
t3.medium,ap-south-1c,0.02,2026-09-07T12:00:00+00:00
t3.medium,ap-south-1a,0.0144,2026-09-07T12:00:00+00:00
t3.medium,ap-south-1b,0.0196,2026-09-07T11:00:00+00:00
t3.medium,ap-south-1c,0.02,2026-09-07T09:00:00+00:00
t3.medium,ap-south-1a,0.0144,2026-09-07T06:00:00+00:00
t3.medium,ap-south-1b,0.0195,2026-09-07T03:00:00+00:00
t3.medium,ap-south-1c,0.02,2026-09-07T01:00:00+00:00
t3.medium,ap-south-1a,0.0144,2026-09-07T01:00:00+00:00
t3.medium,ap-south-1b,0.0194,2026-09-06T23:00:00+00:00
t3.medium,ap-south-1a,0.0144,2026-09-06T20:00:00+00:00
t3.medium,ap-south-1c,0.02,2026-09-06T18:00:00+00:00
t3.medium,ap-south-1b,0.0194,2026-09-06T17:00:00+00:00
t3.medium,ap-south-1a,0.0144,2026-09-06T15:00:00+00:00
t3.medium,ap-south-1b,0.0193,2026-09-06T11:00:00+00:00
t3.medium,ap-south-1c,0.02,2026-09-06T09:00:00+00:00
t3.medium,ap-south-1b,0.0193,2026-09-06T06:00:00+00:00
t3.medium,ap-south-1c,0.02,2026-09-06T06:00:00+00:00
t3.medium,ap-south-1a,0.0144,2026-09-06T06:00:00+00:00
t3.medium,ap-south-1b,0.0193,2026-09-06T03:00:00+00:00
t3.medium,ap-south-1c,0.02,2026-09-06T02:00:00+00:00
t3.medium,ap-south-1a,0.0144,2026-09-06T02:00:00+00:00
t3.medium,ap-south-1a,0.0143,2026-09-05T23:00:00+00:00
t3.medium,ap-south-1c,0.0199,2026-09-05T19:00:00+00:00
t3.medium,ap-south-1b,0.0193,2026-09-05T18:00:00+00:00
t3.medium,ap-south-1a,0.0144,2026-09-05T18:00:00+00:00
t3.medium,ap-south-1b,0.0193,2026-09-05T14:00:00+00:00
t3.medium,ap-south-1c,0.02,2026-09-05T10:00:00+00:00
t3.medium,ap-south-1a,0.0144,2026-09-05T10:00:00+00:00
t3.medium,ap-south-1b,0.0193,2026-09-05T07:00:00+00:00
t3.medium,ap-south-1b,0.0192,2026-09-05T04:00:00+00:00
t3.medium,ap-south-1c,0.02,2026-09-05T03:00:00+00:00
t3.medium,ap-south-1a,0.0144,2026-09-05T01:00:00+00:00
t3.medium,ap-south-1a,0.0144,2026-09-04T22:00:00+00:00
t3.medium,ap-south-1b,0.0192,2026-09-04T21:00:00+00:00
t3.medium,ap-south-1c,0.0199,2026-09-04T21:00:00+00:00
t3.medium,ap-south-1a,0.0144,2026-09-04T19:00:00+00:00
t3.medium,ap-south-1b,0.0191,2026-09-04T15:00:00+00:00
t3.medium,ap-south-1c,0.0199,2026-09-04T13:00:00+00:00
t3.medium,ap-south-1a,0.0141,2026-09-04T10:00:00+00:00
t3.medium,ap-south-1b,0.0187,2026-09-04T08:00:00+00:00
t3.medium,ap-south-1c,0.0194,2026-09-04T08:00:00+00:00
t3.medium,ap-south-1a,0.0138,2026-09-04T05:00:00+00:00
t3.medium,ap-south-1c,0.0192,2026-09-04T04:00:00+00:00
t3.medium,ap-south-1b,0.0184,2026-09-04T03:00:00+00:00
t3.medium,ap-south-1a,0.0136,2026-09-04T02:00:00+00:00
t3.medium,ap-south-1b,0.0183,2026-09-03T23:00:00+00:00
t3.medium,ap-south-1c,0.0189,2026-09-03T20:00:00+00:00
t3.medium,ap-south-1a,0.0133,2026-09-03T19:00:00+00:00
t3.medium,ap-south-1c,0.0189,2026-09-03T17:00:00+00:00
t3.medium,ap-south-1b,0.018,2026-09-03T16:00:00+00:00
t3.medium,ap-south-1c,0.0189,2026-09-03T14:00:00+00:00
t3.medium,ap-south-1a,0.0134,2026-09-03T12:00:00+00:00
t3.medium,ap-south-1b,0.018,2026-09-03T09:00:00+00:00
t3.medium,ap-south-1a,0.0134,2026-09-03T07:00:00+00:00
t3.medium,ap-south-1c,0.0189,2026-09-03T06:00:00+00:00
t3.medium,ap-south-1a,0.0134,2026-09-03T04:00:00+00:00
t3.medium,ap-south-1c,0.0189,2026-09-03T03:00:00+00:00
t3.medium,ap-south-1a,0.0134,2026-09-03T01:00:00+00:00
t3.medium,ap-south-1b,0.0179,2026-09-03T00:00:00+00:00
t3.medium,ap-south-1b,0.0179,2026-09-02T19:00:00+00:00
t3.medium,ap-south-1c,0.0189,2026-09-02T18:00:00+00:00
t3.medium,ap-south-1a,0.0134,2026-09-02T17:00:00+00:00
t3.medium,ap-south-1c,0.0189,2026-09-02T14:00:00+00:00
t3.medium,ap-south-1b,0.0179,2026-09-02T13:00:00+00:00
t3.medium,ap-south-1b,0.0179,2026-09-02T09:00:00+00:00
t3.medium,ap-south-1a,0.0135,2026-09-02T08:00:00+00:00
t3.medium,ap-south-1c,0.0189,2026-09-02T07:00:00+00:00
t3.medium,ap-south-1a,0.0135,2026-09-02T05:00:00+00:00
t3.medium,ap-south-1c,0.0189,2026-09-02T02:00:00+00:00
t3.medium,ap-south-1b,0.0179,2026-09-02T01:00:00+00:00
t3.medium,ap-south-1c,0.0189,2026-09-01T23:00:00+00:00
t3.medium,ap-south-1a,0.0135,2026-09-01T23:00:00+00:00
t3.medium,ap-south-1c,0.0189,2026-09-01T20:00:00+00:00
t3.medium,ap-south-1a,0.0135,2026-09-01T17:00:00+00:00
t3.medium,ap-south-1b,0.0179,2026-09-01T16:00:00+00:00
t3.medium,ap-south-1a,0.0135,2026-09-01T14:00:00+00:00
t3.medium,ap-south-1b,0.0179,2026-09-01T13:00:00+00:00
t3.medium,ap-south-1c,0.0189,2026-09-01T11:00:00+00:00
t3.medium,ap-south-1b,0.0179,2026-09-01T07:00:00+00:00
t3.medium,ap-south-1c,0.0189,2026-09-01T07:00:00+00:00
t3.medium,ap-south-1a,0.0135,2026-09-01T07:00:00+00:00
t3.medium,ap-south-1b,0.0179,2026-09-01T02:00:00+00:00
t3.medium,ap-south-1a,0.0136,2026-09-01T01:00:00+00:00
t3.medium,ap-south-1c,0.0189,2026-09-01T00:00:00+00:00
t3.medium,ap-south-1c,0.0189,2026-08-31T21:00:00+00:00
t3.medium,ap-south-1b,0.0179,2026-08-31T20:00:00+00:00
t3.medium,ap-south-1a,0.0136,2026-08-31T18:00:00+00:00
t3.medium,ap-south-1b,0.018,2026-08-31T17:00:00+00:00
t3.medium,ap-south-1a,0.0136,2026-08-31T15:00:00+00:00
t3.medium,ap-south-1c,0.0188,2026-08-31T14:00:00+00:00
t3.medium,ap-south-1b,0.018,2026-08-31T13:00:00+00:00
t3.medium,ap-south-1c,0.0188,2026-08-31T09:00:00+00:00
t3.medium,ap-south-1a,0.0136,2026-08-31T09:00:00+00:00
t3.medium,ap-south-1b,0.018,2026-08-31T06:00:00+00:00
t3.medium,ap-south-1a,0.0137,2026-08-31T02:00:00+00:00
t3.medium,ap-south-1b,0.018,2026-08-31T01:00:00+00:00
t3.medium,ap-south-1c,0.0187,2026-08-31T01:00:00+00:00
t3.medium,ap-south-1a,0.0137,2026-08-30T23:00:00+00:00
t3.medium,ap-south-1c,0.0187,2026-08-30T21:00:00+00:00
t3.medium,ap-south-1b,0.0181,2026-08-30T17:00:00+00:00
t3.medium,ap-south-1a,0.0138,2026-08-30T16:00:00+00:00
t3.medium,ap-south-1c,0.0187,2026-08-30T12:00:00+00:00
t3.medium,ap-south-1a,0.0138,2026-08-30T12:00:00+00:00
t3.medium,ap-south-1b,0.0181,2026-08-30T10:00:00+00:00
t3.medium,ap-south-1a,0.0138,2026-08-30T08:00:00+00:00
t3.medium,ap-south-1a,0.0138,2026-08-30T05:00:00+00:00
t3.medium,ap-south-1c,0.0187,2026-08-30T04:00:00+00:00
t3.medium,ap-south-1a,0.0138,2026-08-30T02:00:00+00:00
t3.medium,ap-south-1b,0.0181,2026-08-30T01:00:00+00:00
t3.medium,ap-south-1a,0.0138,2026-08-29T22:00:00+00:00
t3.medium,ap-south-1c,0.0187,2026-08-29T21:00:00+00:00
t3.medium,ap-south-1b,0.0181,2026-08-29T20:00:00+00:00
t3.medium,ap-south-1b,0.0181,2026-08-29T13:00:00+00:00
t3.medium,ap-south-1c,0.0187,2026-08-29T13:00:00+00:00
t3.medium,ap-south-1a,0.0139,2026-08-29T13:00:00+00:00
t3.medium,ap-south-1a,0.0139,2026-08-29T09:00:00+00:00
t3.medium,ap-south-1b,0.0181,2026-08-29T08:00:00+00:00
t3.medium,ap-south-1c,0.0188,2026-08-29T08:00:00+00:00
t3.medium,ap-south-1c,0.0187,2026-08-29T05:00:00+00:00
t3.medium,ap-south-1b,0.0181,2026-08-29T00:00:00+00:00
t3.medium,ap-south-1a,0.014,2026-08-29T00:00:00+00:00
t3.medium,ap-south-1c,0.0187,2026-08-28T20:00:00+00:00
t3.medium,ap-south-1a,0.014,2026-08-28T20:00:00+00:00
t3.medium,ap-south-1b,0.0181,2026-08-28T15:00:00+00:00
t3.medium,ap-south-1c,0.0187,2026-08-28T15:00:00+00:00
t3.medium,ap-south-1c,0.0187,2026-08-28T11:00:00+00:00
t3.medium,ap-south-1a,0.0141,2026-08-28T11:00:00+00:00
t3.medium,ap-south-1b,0.0181,2026-08-28T06:00:00+00:00
t2.micro,ap-south-1b,0.0041,2026-09-27T12:00:00+00:00
t2.micro,ap-south-1a,0.0067,2026-09-27T12:00:00+00:00
t2.micro,ap-south-1a,0.0066,2026-09-27T08:00:00+00:00
t2.micro,ap-south-1b,0.0041,2026-09-27T04:00:00+00:00
t2.micro,ap-south-1a,0.0065,2026-09-27T02:00:00+00:00
t2.micro,ap-south-1b,0.0041,2026-09-27T00:00:00+00:00
t2.micro,ap-south-1a,0.0064,2026-09-26T20:00:00+00:00
t2.micro,ap-south-1b,0.004,2026-09-26T18:00:00+00:00
t2.micro,ap-south-1a,0.0064,2026-09-26T14:00:00+00:00
t2.micro,ap-south-1b,0.004,2026-09-26T12:00:00+00:00
t2.micro,ap-south-1a,0.0063,2026-09-26T11:00:00+00:00
t2.micro,ap-south-1a,0.0063,2026-09-26T06:00:00+00:00
t2.micro,ap-south-1b,0.0039,2026-09-26T05:00:00+00:00
t2.micro,ap-south-1b,0.0039,2026-09-26T02:00:00+00:00
t2.micro,ap-south-1a,0.0062,2026-09-26T02:00:00+00:00
t2.micro,ap-south-1b,0.0038,2026-09-25T22:00:00+00:00
t2.micro,ap-south-1b,0.0038,2026-09-25T18:00:00+00:00
t2.micro,ap-south-1a,0.0061,2026-09-25T17:00:00+00:00
t2.micro,ap-south-1a,0.006,2026-09-25T14:00:00+00:00
t2.micro,ap-south-1b,0.0037,2026-09-25T12:00:00+00:00
t2.micro,ap-south-1a,0.006,2026-09-25T09:00:00+00:00
t2.micro,ap-south-1b,0.0037,2026-09-25T06:00:00+00:00
t2.micro,ap-south-1a,0.006,2026-09-25T05:00:00+00:00
t2.micro,ap-south-1b,0.0036,2026-09-25T01:00:00+00:00
t2.micro,ap-south-1a,0.0059,2026-09-25T00:00:00+00:00
t2.micro,ap-south-1b,0.0035,2026-09-24T21:00:00+00:00
t2.micro,ap-south-1b,0.0035,2026-09-24T18:00:00+00:00
t2.micro,ap-south-1a,0.0058,2026-09-24T18:00:00+00:00
t2.micro,ap-south-1a,0.0057,2026-09-24T13:00:00+00:00
t2.micro,ap-south-1b,0.0034,2026-09-24T10:00:00+00:00
t2.micro,ap-south-1a,0.0056,2026-09-24T08:00:00+00:00
t2.micro,ap-south-1a,0.0056,2026-09-24T04:00:00+00:00
t2.micro,ap-south-1b,0.0034,2026-09-24T03:00:00+00:00
t2.micro,ap-south-1a,0.0056,2026-09-23T23:00:00+00:00
t2.micro,ap-south-1b,0.0034,2026-09-23T18:00:00+00:00
t2.micro,ap-south-1a,0.0056,2026-09-23T17:00:00+00:00
t2.micro,ap-south-1b,0.0034,2026-09-23T11:00:00+00:00
t2.micro,ap-south-1a,0.0055,2026-09-23T11:00:00+00:00
t2.micro,ap-south-1a,0.0055,2026-09-23T07:00:00+00:00
t2.micro,ap-south-1b,0.0034,2026-09-23T05:00:00+00:00
t2.micro,ap-south-1a,0.0055,2026-09-23T02:00:00+00:00
t2.micro,ap-south-1b,0.0034,2026-09-22T23:00:00+00:00
t2.micro,ap-south-1a,0.0054,2026-09-22T17:00:00+00:00
t2.micro,ap-south-1b,0.0034,2026-09-22T16:00:00+00:00
t2.micro,ap-south-1a,0.0053,2026-09-22T11:00:00+00:00
t2.micro,ap-south-1b,0.0034,2026-09-22T08:00:00+00:00
t2.micro,ap-south-1a,0.0053,2026-09-22T04:00:00+00:00
t2.micro,ap-south-1b,0.0034,2026-09-22T01:00:00+00:00
t2.micro,ap-south-1a,0.0052,2026-09-21T20:00:00+00:00
t2.micro,ap-south-1b,0.0034,2026-09-21T19:00:00+00:00
t2.micro,ap-south-1b,0.0034,2026-09-21T13:00:00+00:00
t2.micro,ap-south-1a,0.0052,2026-09-21T13:00:00+00:00
t2.micro,ap-south-1b,0.0034,2026-09-21T09:00:00+00:00
t2.micro,ap-south-1a,0.0051,2026-09-21T09:00:00+00:00
t2.micro,ap-south-1a,0.005,2026-09-21T06:00:00+00:00
t2.micro,ap-south-1b,0.0034,2026-09-21T03:00:00+00:00
t2.micro,ap-south-1b,0.0034,2026-09-20T23:00:00+00:00
t2.micro,ap-south-1a,0.0049,2026-09-20T21:00:00+00:00
t2.micro,ap-south-1a,0.0049,2026-09-20T18:00:00+00:00
t2.micro,ap-south-1b,0.0034,2026-09-20T15:00:00+00:00
t2.micro,ap-south-1a,0.0048,2026-09-20T11:00:00+00:00
t2.micro,ap-south-1b,0.0034,2026-09-20T06:00:00+00:00
t2.micro,ap-south-1a,0.0047,2026-09-20T06:00:00+00:00
t2.micro,ap-south-1b,0.0034,2026-09-20T00:00:00+00:00
t2.micro,ap-south-1a,0.0047,2026-09-20T00:00:00+00:00
t2.micro,ap-south-1a,0.0047,2026-09-19T19:00:00+00:00
t2.micro,ap-south-1b,0.0034,2026-09-19T18:00:00+00:00
t2.micro,ap-south-1b,0.0034,2026-09-19T14:00:00+00:00
t2.micro,ap-south-1a,0.0046,2026-09-19T14:00:00+00:00
t2.micro,ap-south-1b,0.0034,2026-09-19T11:00:00+00:00
t2.micro,ap-south-1a,0.0045,2026-09-19T09:00:00+00:00
t2.micro,ap-south-1b,0.0035,2026-09-19T07:00:00+00:00
t2.micro,ap-south-1a,0.0045,2026-09-19T03:00:00+00:00
t2.micro,ap-south-1b,0.0035,2026-09-19T00:00:00+00:00
t2.micro,ap-south-1a,0.0044,2026-09-18T21:00:00+00:00
t2.micro,ap-south-1b,0.0035,2026-09-18T17:00:00+00:00
t2.micro,ap-south-1a,0.0044,2026-09-18T16:00:00+00:00
t2.micro,ap-south-1b,0.0035,2026-09-18T12:00:00+00:00
t2.micro,ap-south-1a,0.0044,2026-09-18T09:00:00+00:00
t2.micro,ap-south-1a,0.0044,2026-09-18T06:00:00+00:00
t2.micro,ap-south-1b,0.0035,2026-09-18T03:00:00+00:00
t2.micro,ap-south-1a,0.0044,2026-09-18T01:00:00+00:00
t2.micro,ap-south-1b,0.0035,2026-09-17T23:00:00+00:00
t2.micro,ap-south-1a,0.0043,2026-09-17T17:00:00+00:00
t2.micro,ap-south-1b,0.0035,2026-09-17T15:00:00+00:00
t2.micro,ap-south-1b,0.0035,2026-09-17T12:00:00+00:00
t2.micro,ap-south-1a,0.0042,2026-09-17T12:00:00+00:00
t2.micro,ap-south-1a,0.0041,2026-09-17T08:00:00+00:00
t2.micro,ap-south-1b,0.0035,2026-09-17T07:00:00+00:00
t2.micro,ap-south-1b,0.0035,2026-09-17T04:00:00+00:00
t2.micro,ap-south-1a,0.0041,2026-09-17T04:00:00+00:00
t2.micro,ap-south-1a,0.004,2026-09-16T20:00:00+00:00
t2.micro,ap-south-1b,0.0035,2026-09-16T19:00:00+00:00
t2.micro,ap-south-1a,0.0041,2026-09-16T11:00:00+00:00
t2.micro,ap-south-1b,0.0035,2026-09-16T10:00:00+00:00
t2.micro,ap-south-1b,0.0035,2026-09-16T05:00:00+00:00
t2.micro,ap-south-1a,0.004,2026-09-16T04:00:00+00:00
t2.micro,ap-south-1b,0.0035,2026-09-16T02:00:00+00:00
t2.micro,ap-south-1a,0.004,2026-09-16T00:00:00+00:00
t2.micro,ap-south-1b,0.0036,2026-09-15T22:00:00+00:00
t2.micro,ap-south-1a,0.004,2026-09-15T19:00:00+00:00
t2.micro,ap-south-1b,0.0036,2026-09-15T18:00:00+00:00
t2.micro,ap-south-1b,0.0036,2026-09-15T15:00:00+00:00
t2.micro,ap-south-1a,0.004,2026-09-15T10:00:00+00:00
t2.micro,ap-south-1b,0.0036,2026-09-15T09:00:00+00:00
t2.micro,ap-south-1b,0.0036,2026-09-15T06:00:00+00:00
t2.micro,ap-south-1a,0.004,2026-09-15T01:00:00+00:00
t2.micro,ap-south-1b,0.0036,2026-09-14T23:00:00+00:00
t2.micro,ap-south-1a,0.004,2026-09-14T18:00:00+00:00
t2.micro,ap-south-1a,0.004,2026-09-14T15:00:00+00:00
t2.micro,ap-south-1b,0.0037,2026-09-14T14:00:00+00:00
t2.micro,ap-south-1a,0.004,2026-09-14T07:00:00+00:00
t2.micro,ap-south-1b,0.0037,2026-09-14T05:00:00+00:00
t2.micro,ap-south-1a,0.004,2026-09-14T02:00:00+00:00
t2.micro,ap-south-1b,0.0037,2026-09-13T21:00:00+00:00
t2.micro,ap-south-1b,0.0037,2026-09-13T18:00:00+00:00
t2.micro,ap-south-1a,0.004,2026-09-13T17:00:00+00:00
t2.micro,ap-south-1a,0.004,2026-09-13T14:00:00+00:00
t2.micro,ap-south-1b,0.0037,2026-09-13T10:00:00+00:00
t2.micro,ap-south-1b,0.0037,2026-09-13T05:00:00+00:00
t2.micro,ap-south-1a,0.0041,2026-09-13T05:00:00+00:00
t2.micro,ap-south-1b,0.0037,2026-09-12T23:00:00+00:00
t2.micro,ap-south-1a,0.0041,2026-09-12T22:00:00+00:00
t2.micro,ap-south-1b,0.0037,2026-09-12T20:00:00+00:00
t2.micro,ap-south-1a,0.0041,2026-09-12T16:00:00+00:00
t2.micro,ap-south-1b,0.0037,2026-09-12T12:00:00+00:00
t2.micro,ap-south-1a,0.0041,2026-09-12T10:00:00+00:00
t2.micro,ap-south-1b,0.0037,2026-09-12T08:00:00+00:00
t2.micro,ap-south-1a,0.0041,2026-09-12T07:00:00+00:00
t2.micro,ap-south-1b,0.0037,2026-09-12T03:00:00+00:00
t2.micro,ap-south-1a,0.0041,2026-09-12T02:00:00+00:00
t2.micro,ap-south-1b,0.0037,2026-09-11T22:00:00+00:00
t2.micro,ap-south-1b,0.0037,2026-09-11T17:00:00+00:00
t2.micro,ap-south-1a,0.0042,2026-09-11T17:00:00+00:00
t2.micro,ap-south-1b,0.0037,2026-09-11T12:00:00+00:00
t2.micro,ap-south-1a,0.0042,2026-09-11T09:00:00+00:00
t2.micro,ap-south-1b,0.0037,2026-09-11T07:00:00+00:00
t2.micro,ap-south-1b,0.0037,2026-09-11T04:00:00+00:00
t2.micro,ap-south-1a,0.0042,2026-09-11T04:00:00+00:00
t2.micro,ap-south-1a,0.0042,2026-09-10T23:00:00+00:00
t2.micro,ap-south-1b,0.0037,2026-09-10T20:00:00+00:00
t2.micro,ap-south-1a,0.0042,2026-09-10T17:00:00+00:00
t2.micro,ap-south-1b,0.0037,2026-09-10T15:00:00+00:00
t2.micro,ap-south-1b,0.0037,2026-09-10T12:00:00+00:00
t2.micro,ap-south-1a,0.0042,2026-09-10T09:00:00+00:00
t2.micro,ap-south-1b,0.0037,2026-09-10T08:00:00+00:00
t2.micro,ap-south-1b,0.0037,2026-09-10T00:00:00+00:00
t2.micro,ap-south-1a,0.0042,2026-09-10T00:00:00+00:00
t2.micro,ap-south-1b,0.0037,2026-09-09T21:00:00+00:00
t2.micro,ap-south-1a,0.0042,2026-09-09T21:00:00+00:00
t2.micro,ap-south-1b,0.0037,2026-09-09T16:00:00+00:00
t2.micro,ap-south-1a,0.0042,2026-09-09T16:00:00+00:00
t2.micro,ap-south-1b,0.0037,2026-09-09T11:00:00+00:00
t2.micro,ap-south-1a,0.0042,2026-09-09T09:00:00+00:00
t2.micro,ap-south-1b,0.0037,2026-09-09T07:00:00+00:00
t2.micro,ap-south-1a,0.0042,2026-09-09T04:00:00+00:00
t2.micro,ap-south-1b,0.0037,2026-09-09T01:00:00+00:00
t2.micro,ap-south-1a,0.0042,2026-09-09T01:00:00+00:00
t2.micro,ap-south-1a,0.0042,2026-09-08T22:00:00+00:00
t2.micro,ap-south-1b,0.0037,2026-09-08T16:00:00+00:00
t2.micro,ap-south-1a,0.0042,2026-09-08T14:00:00+00:00
t2.micro,ap-south-1b,0.0037,2026-09-08T12:00:00+00:00
t2.micro,ap-south-1b,0.0037,2026-09-08T08:00:00+00:00
t2.micro,ap-south-1a,0.0042,2026-09-08T08:00:00+00:00
t2.micro,ap-south-1b,0.0037,2026-09-08T05:00:00+00:00
t2.micro,ap-south-1a,0.0042,2026-09-08T03:00:00+00:00
t2.micro,ap-south-1a,0.0042,2026-09-07T23:00:00+00:00
t2.micro,ap-south-1b,0.0037,2026-09-07T21:00:00+00:00
t2.micro,ap-south-1a,0.0043,2026-09-07T18:00:00+00:00
t2.micro,ap-south-1a,0.0043,2026-09-07T14:00:00+00:00
t2.micro,ap-south-1b,0.0037,2026-09-07T12:00:00+00:00
t2.micro,ap-south-1b,0.0037,2026-09-07T07:00:00+00:00
t2.micro,ap-south-1a,0.0043,2026-09-07T06:00:00+00:00
t2.micro,ap-south-1a,0.0043,2026-09-07T03:00:00+00:00
t2.micro,ap-south-1b,0.0037,2026-09-07T00:00:00+00:00
t2.micro,ap-south-1a,0.0042,2026-09-07T00:00:00+00:00
t2.micro,ap-south-1a,0.0042,2026-09-06T21:00:00+00:00
t2.micro,ap-south-1b,0.0037,2026-09-06T15:00:00+00:00
t2.micro,ap-south-1a,0.0042,2026-09-06T15:00:00+00:00
t2.micro,ap-south-1b,0.0037,2026-09-06T12:00:00+00:00
t2.micro,ap-south-1a,0.0042,2026-09-06T11:00:00+00:00
t2.micro,ap-south-1a,0.0042,2026-09-06T06:00:00+00:00
t2.micro,ap-south-1b,0.0037,2026-09-06T05:00:00+00:00
t2.micro,ap-south-1b,0.0037,2026-09-05T22:00:00+00:00
t2.micro,ap-south-1a,0.0043,2026-09-05T21:00:00+00:00
t2.micro,ap-south-1b,0.0037,2026-09-05T15:00:00+00:00
t2.micro,ap-south-1a,0.0043,2026-09-05T12:00:00+00:00
t2.micro,ap-south-1a,0.0043,2026-09-05T09:00:00+00:00
t2.micro,ap-south-1b,0.0037,2026-09-05T07:00:00+00:00
t2.micro,ap-south-1a,0.0043,2026-09-05T04:00:00+00:00
t2.micro,ap-south-1b,0.0037,2026-09-05T01:00:00+00:00
t2.micro,ap-south-1a,0.0043,2026-09-05T01:00:00+00:00
t2.micro,ap-south-1b,0.0036,2026-09-04T20:00:00+00:00
t2.micro,ap-south-1a,0.0043,2026-09-04T16:00:00+00:00
t2.micro,ap-south-1b,0.0036,2026-09-04T15:00:00+00:00
t2.micro,ap-south-1a,0.0042,2026-09-04T11:00:00+00:00
t2.micro,ap-south-1b,0.0035,2026-09-04T10:00:00+00:00
t2.micro,ap-south-1a,0.0041,2026-09-04T06:00:00+00:00
t2.micro,ap-south-1b,0.0034,2026-09-04T04:00:00+00:00
t2.micro,ap-south-1a,0.0041,2026-09-04T00:00:00+00:00
t2.micro,ap-south-1b,0.0034,2026-09-03T19:00:00+00:00
t2.micro,ap-south-1a,0.004,2026-09-03T16:00:00+00:00
t2.micro,ap-south-1b,0.0034,2026-09-03T13:00:00+00:00
t2.micro,ap-south-1a,0.004,2026-09-03T11:00:00+00:00
t2.micro,ap-south-1b,0.0034,2026-09-03T07:00:00+00:00
t2.micro,ap-south-1a,0.004,2026-09-03T07:00:00+00:00
t2.micro,ap-south-1b,0.0034,2026-09-02T23:00:00+00:00
t2.micro,ap-south-1a,0.0039,2026-09-02T23:00:00+00:00
t2.micro,ap-south-1b,0.0034,2026-09-02T20:00:00+00:00
t2.micro,ap-south-1b,0.0034,2026-09-02T17:00:00+00:00
t2.micro,ap-south-1a,0.004,2026-09-02T16:00:00+00:00
t2.micro,ap-south-1b,0.0034,2026-09-02T13:00:00+00:00
t2.micro,ap-south-1b,0.0034,2026-09-02T10:00:00+00:00
t2.micro,ap-south-1a,0.004,2026-09-02T08:00:00+00:00
t2.micro,ap-south-1b,0.0034,2026-09-02T07:00:00+00:00
t2.micro,ap-south-1a,0.0039,2026-09-02T05:00:00+00:00
t2.micro,ap-south-1a,0.0039,2026-09-01T23:00:00+00:00
t2.micro,ap-south-1b,0.0033,2026-09-01T22:00:00+00:00
t2.micro,ap-south-1a,0.0039,2026-09-01T19:00:00+00:00
t2.micro,ap-south-1a,0.0039,2026-09-01T16:00:00+00:00
t2.micro,ap-south-1b,0.0033,2026-09-01T13:00:00+00:00
t2.micro,ap-south-1a,0.0039,2026-09-01T13:00:00+00:00
t2.micro,ap-south-1b,0.0033,2026-09-01T10:00:00+00:00
t2.micro,ap-south-1a,0.004,2026-09-01T07:00:00+00:00
t2.micro,ap-south-1b,0.0033,2026-09-01T04:00:00+00:00
t2.micro,ap-south-1a,0.0039,2026-09-01T03:00:00+00:00
t2.micro,ap-south-1a,0.0039,2026-08-31T22:00:00+00:00
t2.micro,ap-south-1b,0.0033,2026-08-31T19:00:00+00:00
t2.micro,ap-south-1a,0.0039,2026-08-31T18:00:00+00:00
t2.micro,ap-south-1b,0.0033,2026-08-31T15:00:00+00:00
t2.micro,ap-south-1a,0.0039,2026-08-31T15:00:00+00:00
t2.micro,ap-south-1a,0.0039,2026-08-31T09:00:00+00:00
t2.micro,ap-south-1b,0.0033,2026-08-31T06:00:00+00:00
t2.micro,ap-south-1a,0.0039,2026-08-31T02:00:00+00:00
t2.micro,ap-south-1b,0.0033,2026-08-31T01:00:00+00:00
t2.micro,ap-south-1a,0.0039,2026-08-30T22:00:00+00:00
t2.micro,ap-south-1b,0.0033,2026-08-30T20:00:00+00:00
t2.micro,ap-south-1b,0.0033,2026-08-30T14:00:00+00:00
t2.micro,ap-south-1a,0.0039,2026-08-30T13:00:00+00:00
t2.micro,ap-south-1a,0.004,2026-08-30T10:00:00+00:00
t2.micro,ap-south-1a,0.004,2026-08-30T06:00:00+00:00
t2.micro,ap-south-1b,0.0033,2026-08-30T05:00:00+00:00
t2.micro,ap-south-1a,0.004,2026-08-29T22:00:00+00:00
t2.micro,ap-south-1b,0.0033,2026-08-29T21:00:00+00:00
t2.micro,ap-south-1a,0.004,2026-08-29T13:00:00+00:00
t2.micro,ap-south-1b,0.0033,2026-08-29T12:00:00+00:00
t2.micro,ap-south-1a,0.004,2026-08-29T08:00:00+00:00
t2.micro,ap-south-1b,0.0033,2026-08-29T04:00:00+00:00
t2.micro,ap-south-1a,0.004,2026-08-29T03:00:00+00:00
t2.micro,ap-south-1a,0.004,2026-08-28T20:00:00+00:00
t2.micro,ap-south-1b,0.0033,2026-08-28T19:00:00+00:00
t2.micro,ap-south-1b,0.0033,2026-08-28T12:00:00+00:00
t2.micro,ap-south-1a,0.004,2026-08-28T11:00:00+00:00
t2.small,ap-south-1b,0.009,2026-09-27T14:00:00+00:00
t2.small,ap-south-1a,0.0094,2026-09-27T12:00:00+00:00
t2.small,ap-south-1b,0.0089,2026-09-27T10:00:00+00:00
t2.small,ap-south-1b,0.0088,2026-09-27T06:00:00+00:00
t2.small,ap-south-1a,0.0094,2026-09-27T06:00:00+00:00
t2.small,ap-south-1a,0.0094,2026-09-27T02:00:00+00:00
t2.small,ap-south-1b,0.0088,2026-09-26T23:00:00+00:00
t2.small,ap-south-1a,0.0095,2026-09-26T22:00:00+00:00
t2.small,ap-south-1b,0.0087,2026-09-26T19:00:00+00:00
t2.small,ap-south-1b,0.0086,2026-09-26T15:00:00+00:00
t2.small,ap-south-1a,0.0095,2026-09-26T14:00:00+00:00
t2.small,ap-south-1a,0.0094,2026-09-26T08:00:00+00:00
t2.small,ap-south-1b,0.0085,2026-09-26T06:00:00+00:00
t2.small,ap-south-1b,0.0083,2026-09-26T00:00:00+00:00
t2.small,ap-south-1a,0.0092,2026-09-26T00:00:00+00:00
t2.small,ap-south-1a,0.0091,2026-09-25T21:00:00+00:00
t2.small,ap-south-1b,0.0083,2026-09-25T20:00:00+00:00
t2.small,ap-south-1b,0.0083,2026-09-25T15:00:00+00:00
t2.small,ap-south-1a,0.009,2026-09-25T13:00:00+00:00
t2.small,ap-south-1b,0.0082,2026-09-25T11:00:00+00:00
t2.small,ap-south-1a,0.0089,2026-09-25T08:00:00+00:00
t2.small,ap-south-1b,0.0082,2026-09-25T04:00:00+00:00
t2.small,ap-south-1a,0.0089,2026-09-25T02:00:00+00:00
t2.small,ap-south-1b,0.008,2026-09-24T20:00:00+00:00
t2.small,ap-south-1a,0.0087,2026-09-24T18:00:00+00:00
t2.small,ap-south-1b,0.0079,2026-09-24T15:00:00+00:00
t2.small,ap-south-1a,0.0085,2026-09-24T14:00:00+00:00
t2.small,ap-south-1b,0.0079,2026-09-24T10:00:00+00:00
t2.small,ap-south-1a,0.0086,2026-09-24T08:00:00+00:00
t2.small,ap-south-1b,0.0079,2026-09-24T03:00:00+00:00
t2.small,ap-south-1a,0.0086,2026-09-24T02:00:00+00:00
t2.small,ap-south-1b,0.0079,2026-09-23T23:00:00+00:00
t2.small,ap-south-1b,0.0079,2026-09-23T19:00:00+00:00
t2.small,ap-south-1a,0.0087,2026-09-23T17:00:00+00:00
t2.small,ap-south-1b,0.0079,2026-09-23T16:00:00+00:00
t2.small,ap-south-1b,0.0079,2026-09-23T11:00:00+00:00
t2.small,ap-south-1a,0.0088,2026-09-23T11:00:00+00:00
t2.small,ap-south-1a,0.0089,2026-09-23T07:00:00+00:00
t2.small,ap-south-1b,0.0078,2026-09-23T04:00:00+00:00
t2.small,ap-south-1b,0.0079,2026-09-22T22:00:00+00:00
t2.small,ap-south-1a,0.0089,2026-09-22T22:00:00+00:00
t2.small,ap-south-1b,0.0079,2026-09-22T16:00:00+00:00
t2.small,ap-south-1a,0.009,2026-09-22T14:00:00+00:00
t2.small,ap-south-1b,0.0079,2026-09-22T13:00:00+00:00
t2.small,ap-south-1a,0.0091,2026-09-22T08:00:00+00:00
t2.small,ap-south-1b,0.0079,2026-09-22T04:00:00+00:00
t2.small,ap-south-1a,0.0091,2026-09-22T03:00:00+00:00
t2.small,ap-south-1a,0.0092,2026-09-21T21:00:00+00:00
t2.small,ap-south-1b,0.0079,2026-09-21T19:00:00+00:00
t2.small,ap-south-1b,0.0079,2026-09-21T16:00:00+00:00
t2.small,ap-south-1a,0.0094,2026-09-21T12:00:00+00:00
t2.small,ap-south-1b,0.0079,2026-09-21T09:00:00+00:00
t2.small,ap-south-1a,0.0094,2026-09-21T09:00:00+00:00
t2.small,ap-south-1a,0.0094,2026-09-21T06:00:00+00:00
t2.small,ap-south-1b,0.0079,2026-09-21T05:00:00+00:00
t2.small,ap-south-1b,0.0079,2026-09-20T23:00:00+00:00
t2.small,ap-south-1a,0.0093,2026-09-20T22:00:00+00:00
t2.small,ap-south-1b,0.0079,2026-09-20T17:00:00+00:00
t2.small,ap-south-1a,0.0094,2026-09-20T17:00:00+00:00
t2.small,ap-south-1a,0.0094,2026-09-20T11:00:00+00:00
t2.small,ap-south-1b,0.0079,2026-09-20T09:00:00+00:00
t2.small,ap-south-1a,0.0093,2026-09-20T08:00:00+00:00
t2.small,ap-south-1a,0.0092,2026-09-20T05:00:00+00:00
t2.small,ap-south-1b,0.0079,2026-09-20T02:00:00+00:00
t2.small,ap-south-1b,0.0079,2026-09-19T21:00:00+00:00
t2.small,ap-south-1a,0.0091,2026-09-19T20:00:00+00:00
t2.small,ap-south-1b,0.0079,2026-09-19T18:00:00+00:00
t2.small,ap-south-1a,0.009,2026-09-19T13:00:00+00:00
t2.small,ap-south-1b,0.0079,2026-09-19T09:00:00+00:00
t2.small,ap-south-1a,0.009,2026-09-19T04:00:00+00:00
t2.small,ap-south-1b,0.0079,2026-09-19T03:00:00+00:00
t2.small,ap-south-1b,0.0079,2026-09-19T00:00:00+00:00
t2.small,ap-south-1a,0.009,2026-09-18T19:00:00+00:00
t2.small,ap-south-1b,0.0079,2026-09-18T16:00:00+00:00
t2.small,ap-south-1a,0.0091,2026-09-18T12:00:00+00:00
t2.small,ap-south-1b,0.0079,2026-09-18T11:00:00+00:00
t2.small,ap-south-1a,0.0091,2026-09-18T08:00:00+00:00
t2.small,ap-south-1a,0.0092,2026-09-18T03:00:00+00:00
t2.small,ap-south-1b,0.0079,2026-09-18T02:00:00+00:00
t2.small,ap-south-1b,0.0079,2026-09-17T22:00:00+00:00
t2.small,ap-south-1a,0.0092,2026-09-17T22:00:00+00:00
t2.small,ap-south-1a,0.009,2026-09-17T19:00:00+00:00
t2.small,ap-south-1b,0.0079,2026-09-17T18:00:00+00:00
t2.small,ap-south-1a,0.009,2026-09-17T14:00:00+00:00
t2.small,ap-south-1b,0.0079,2026-09-17T09:00:00+00:00
t2.small,ap-south-1a,0.0089,2026-09-17T09:00:00+00:00
t2.small,ap-south-1b,0.0079,2026-09-17T04:00:00+00:00
t2.small,ap-south-1b,0.0079,2026-09-17T01:00:00+00:00
t2.small,ap-south-1a,0.0089,2026-09-17T01:00:00+00:00
t2.small,ap-south-1a,0.0089,2026-09-16T21:00:00+00:00
t2.small,ap-south-1b,0.0079,2026-09-16T17:00:00+00:00
t2.small,ap-south-1a,0.0089,2026-09-16T17:00:00+00:00
t2.small,ap-south-1a,0.0089,2026-09-16T10:00:00+00:00
t2.small,ap-south-1b,0.0079,2026-09-16T09:00:00+00:00
t2.small,ap-south-1a,0.0089,2026-09-16T05:00:00+00:00
t2.small,ap-south-1b,0.0079,2026-09-16T03:00:00+00:00
t2.small,ap-south-1a,0.0089,2026-09-16T01:00:00+00:00
t2.small,ap-south-1b,0.0078,2026-09-15T21:00:00+00:00
t2.small,ap-south-1a,0.0089,2026-09-15T21:00:00+00:00
t2.small,ap-south-1b,0.0078,2026-09-15T12:00:00+00:00
t2.small,ap-south-1a,0.0089,2026-09-15T12:00:00+00:00
t2.small,ap-south-1b,0.0078,2026-09-15T06:00:00+00:00
t2.small,ap-south-1a,0.009,2026-09-15T04:00:00+00:00
t2.small,ap-south-1b,0.0078,2026-09-15T03:00:00+00:00
t2.small,ap-south-1b,0.0078,2026-09-14T23:00:00+00:00
t2.small,ap-south-1a,0.009,2026-09-14T19:00:00+00:00
t2.small,ap-south-1b,0.0078,2026-09-14T15:00:00+00:00
t2.small,ap-south-1a,0.0092,2026-09-14T15:00:00+00:00
t2.small,ap-south-1b,0.0078,2026-09-14T09:00:00+00:00
t2.small,ap-south-1a,0.0091,2026-09-14T07:00:00+00:00
t2.small,ap-south-1a,0.0092,2026-09-14T04:00:00+00:00
t2.small,ap-south-1b,0.0078,2026-09-14T00:00:00+00:00
t2.small,ap-south-1a,0.0093,2026-09-13T23:00:00+00:00
t2.small,ap-south-1b,0.0078,2026-09-13T19:00:00+00:00
t2.small,ap-south-1a,0.0093,2026-09-13T17:00:00+00:00
t2.small,ap-south-1b,0.0078,2026-09-13T15:00:00+00:00
t2.small,ap-south-1b,0.0078,2026-09-13T10:00:00+00:00
t2.small,ap-south-1a,0.0093,2026-09-13T09:00:00+00:00
t2.small,ap-south-1a,0.0093,2026-09-13T03:00:00+00:00
t2.small,ap-south-1b,0.0078,2026-09-13T01:00:00+00:00
t2.small,ap-south-1a,0.0094,2026-09-12T23:00:00+00:00
t2.small,ap-south-1a,0.0094,2026-09-12T20:00:00+00:00
t2.small,ap-south-1b,0.0078,2026-09-12T18:00:00+00:00
t2.small,ap-south-1b,0.0078,2026-09-12T14:00:00+00:00
t2.small,ap-south-1a,0.0094,2026-09-12T14:00:00+00:00
t2.small,ap-south-1a,0.0094,2026-09-12T11:00:00+00:00
t2.small,ap-south-1b,0.0078,2026-09-12T05:00:00+00:00
t2.small,ap-south-1a,0.0094,2026-09-12T04:00:00+00:00
t2.small,ap-south-1a,0.0094,2026-09-12T01:00:00+00:00
t2.small,ap-south-1a,0.0095,2026-09-11T22:00:00+00:00
t2.small,ap-south-1b,0.0077,2026-09-11T21:00:00+00:00
t2.small,ap-south-1b,0.0077,2026-09-11T18:00:00+00:00
t2.small,ap-south-1a,0.0095,2026-09-11T16:00:00+00:00
t2.small,ap-south-1a,0.0095,2026-09-11T11:00:00+00:00
t2.small,ap-south-1b,0.0077,2026-09-11T10:00:00+00:00
t2.small,ap-south-1b,0.0077,2026-09-11T07:00:00+00:00
t2.small,ap-south-1a,0.0095,2026-09-11T05:00:00+00:00
t2.small,ap-south-1a,0.0094,2026-09-11T00:00:00+00:00
t2.small,ap-south-1b,0.0077,2026-09-10T23:00:00+00:00
t2.small,ap-south-1a,0.0094,2026-09-10T17:00:00+00:00
t2.small,ap-south-1b,0.0077,2026-09-10T15:00:00+00:00
t2.small,ap-south-1a,0.0094,2026-09-10T14:00:00+00:00
t2.small,ap-south-1a,0.0094,2026-09-10T08:00:00+00:00
t2.small,ap-south-1b,0.0077,2026-09-10T07:00:00+00:00
t2.small,ap-south-1a,0.0094,2026-09-10T05:00:00+00:00
t2.small,ap-south-1b,0.0077,2026-09-10T02:00:00+00:00
t2.small,ap-south-1a,0.0093,2026-09-09T23:00:00+00:00
t2.small,ap-south-1b,0.0076,2026-09-09T21:00:00+00:00
t2.small,ap-south-1a,0.0093,2026-09-09T19:00:00+00:00
t2.small,ap-south-1b,0.0076,2026-09-09T17:00:00+00:00
t2.small,ap-south-1a,0.0093,2026-09-09T13:00:00+00:00
t2.small,ap-south-1b,0.0076,2026-09-09T12:00:00+00:00
t2.small,ap-south-1b,0.0076,2026-09-09T09:00:00+00:00
t2.small,ap-south-1a,0.0093,2026-09-09T09:00:00+00:00
t2.small,ap-south-1a,0.0094,2026-09-09T05:00:00+00:00
t2.small,ap-south-1b,0.0076,2026-09-09T03:00:00+00:00
t2.small,ap-south-1a,0.0094,2026-09-09T01:00:00+00:00
t2.small,ap-south-1a,0.0093,2026-09-08T22:00:00+00:00
t2.small,ap-south-1b,0.0076,2026-09-08T19:00:00+00:00
t2.small,ap-south-1a,0.0093,2026-09-08T17:00:00+00:00
t2.small,ap-south-1b,0.0076,2026-09-08T14:00:00+00:00
t2.small,ap-south-1a,0.0093,2026-09-08T13:00:00+00:00
t2.small,ap-south-1a,0.0093,2026-09-08T07:00:00+00:00
t2.small,ap-south-1b,0.0076,2026-09-08T06:00:00+00:00
t2.small,ap-south-1a,0.0093,2026-09-08T04:00:00+00:00
t2.small,ap-south-1b,0.0076,2026-09-08T03:00:00+00:00
t2.small,ap-south-1a,0.0093,2026-09-08T00:00:00+00:00
t2.small,ap-south-1b,0.0076,2026-09-07T21:00:00+00:00
t2.small,ap-south-1a,0.0093,2026-09-07T20:00:00+00:00
t2.small,ap-south-1b,0.0076,2026-09-07T17:00:00+00:00
t2.small,ap-south-1b,0.0076,2026-09-07T13:00:00+00:00
t2.small,ap-south-1a,0.0093,2026-09-07T13:00:00+00:00
t2.small,ap-south-1b,0.0076,2026-09-07T05:00:00+00:00
t2.small,ap-south-1a,0.0093,2026-09-07T05:00:00+00:00
t2.small,ap-south-1b,0.0076,2026-09-07T01:00:00+00:00
t2.small,ap-south-1a,0.0092,2026-09-06T21:00:00+00:00
t2.small,ap-south-1b,0.0075,2026-09-06T17:00:00+00:00
t2.small,ap-south-1a,0.0093,2026-09-06T16:00:00+00:00
t2.small,ap-south-1b,0.0075,2026-09-06T13:00:00+00:00
t2.small,ap-south-1b,0.0075,2026-09-06T10:00:00+00:00
t2.small,ap-south-1a,0.0093,2026-09-06T09:00:00+00:00
t2.small,ap-south-1a,0.0093,2026-09-06T04:00:00+00:00
t2.small,ap-south-1b,0.0075,2026-09-06T01:00:00+00:00
t2.small,ap-south-1b,0.0074,2026-09-05T21:00:00+00:00
t2.small,ap-south-1a,0.0093,2026-09-05T20:00:00+00:00
t2.small,ap-south-1b,0.0073,2026-09-05T15:00:00+00:00
t2.small,ap-south-1a,0.0093,2026-09-05T12:00:00+00:00
t2.small,ap-south-1b,0.0073,2026-09-05T11:00:00+00:00
t2.small,ap-south-1a,0.0093,2026-09-05T08:00:00+00:00
t2.small,ap-south-1a,0.0093,2026-09-05T05:00:00+00:00
t2.small,ap-south-1b,0.0073,2026-09-05T02:00:00+00:00
t2.small,ap-south-1a,0.0093,2026-09-05T01:00:00+00:00
t2.small,ap-south-1b,0.0072,2026-09-04T23:00:00+00:00
t2.small,ap-south-1a,0.0092,2026-09-04T22:00:00+00:00
t2.small,ap-south-1b,0.0072,2026-09-04T20:00:00+00:00
t2.small,ap-south-1a,0.0091,2026-09-04T14:00:00+00:00
t2.small,ap-south-1b,0.007,2026-09-04T11:00:00+00:00
t2.small,ap-south-1a,0.0089,2026-09-04T06:00:00+00:00
t2.small,ap-south-1b,0.0069,2026-09-04T03:00:00+00:00
t2.small,ap-south-1a,0.0087,2026-09-04T03:00:00+00:00
t2.small,ap-south-1b,0.0069,2026-09-03T20:00:00+00:00
t2.small,ap-south-1a,0.0086,2026-09-03T19:00:00+00:00
t2.small,ap-south-1b,0.0069,2026-09-03T14:00:00+00:00
t2.small,ap-south-1a,0.0086,2026-09-03T11:00:00+00:00
t2.small,ap-south-1b,0.0069,2026-09-03T07:00:00+00:00
t2.small,ap-south-1a,0.0086,2026-09-03T05:00:00+00:00
t2.small,ap-south-1b,0.0069,2026-09-03T01:00:00+00:00
t2.small,ap-south-1a,0.0086,2026-09-02T23:00:00+00:00
t2.small,ap-south-1b,0.0069,2026-09-02T20:00:00+00:00
t2.small,ap-south-1b,0.0069,2026-09-02T15:00:00+00:00
t2.small,ap-south-1a,0.0086,2026-09-02T15:00:00+00:00
t2.small,ap-south-1a,0.0086,2026-09-02T09:00:00+00:00
t2.small,ap-south-1b,0.007,2026-09-02T06:00:00+00:00
t2.small,ap-south-1a,0.0086,2026-09-02T02:00:00+00:00
t2.small,ap-south-1b,0.0069,2026-09-01T22:00:00+00:00
t2.small,ap-south-1a,0.0086,2026-09-01T20:00:00+00:00
t2.small,ap-south-1b,0.0069,2026-09-01T19:00:00+00:00
t2.small,ap-south-1a,0.0086,2026-09-01T14:00:00+00:00
t2.small,ap-south-1a,0.0086,2026-09-01T11:00:00+00:00
t2.small,ap-south-1b,0.007,2026-09-01T10:00:00+00:00
t2.small,ap-south-1a,0.0086,2026-09-01T05:00:00+00:00
t2.small,ap-south-1b,0.0069,2026-09-01T02:00:00+00:00
t2.small,ap-south-1b,0.0069,2026-08-31T21:00:00+00:00
t2.small,ap-south-1a,0.0086,2026-08-31T20:00:00+00:00
t2.small,ap-south-1b,0.0069,2026-08-31T14:00:00+00:00
t2.small,ap-south-1a,0.0087,2026-08-31T12:00:00+00:00
t2.small,ap-south-1b,0.0069,2026-08-31T06:00:00+00:00
t2.small,ap-south-1a,0.0087,2026-08-31T06:00:00+00:00
t2.small,ap-south-1a,0.0087,2026-08-31T03:00:00+00:00
t2.small,ap-south-1b,0.0069,2026-08-31T00:00:00+00:00
t2.small,ap-south-1a,0.0087,2026-08-31T00:00:00+00:00
t2.small,ap-south-1b,0.0069,2026-08-30T19:00:00+00:00
t2.small,ap-south-1a,0.0087,2026-08-30T17:00:00+00:00
t2.small,ap-south-1b,0.0069,2026-08-30T15:00:00+00:00
t2.small,ap-south-1a,0.0087,2026-08-30T11:00:00+00:00
t2.small,ap-south-1b,0.007,2026-08-30T06:00:00+00:00
t2.small,ap-south-1a,0.0088,2026-08-30T04:00:00+00:00
t2.small,ap-south-1b,0.007,2026-08-30T03:00:00+00:00
t2.small,ap-south-1b,0.007,2026-08-29T23:00:00+00:00
t2.small,ap-south-1a,0.0088,2026-08-29T20:00:00+00:00
t2.small,ap-south-1b,0.007,2026-08-29T16:00:00+00:00
t2.small,ap-south-1b,0.007,2026-08-29T11:00:00+00:00
t2.small,ap-south-1a,0.0088,2026-08-29T11:00:00+00:00
t2.small,ap-south-1b,0.007,2026-08-29T04:00:00+00:00
t2.small,ap-south-1a,0.0088,2026-08-29T03:00:00+00:00
t2.small,ap-south-1a,0.0088,2026-08-29T00:00:00+00:00
t2.small,ap-south-1b,0.007,2026-08-28T22:00:00+00:00
t2.small,ap-south-1a,0.0088,2026-08-28T19:00:00+00:00
t2.small,ap-south-1b,0.007,2026-08-28T14:00:00+00:00
t2.small,ap-south-1a,0.0088,2026-08-28T11:00:00+00:00
t2.medium,ap-south-1a,0.0182,2026-09-27T13:00:00+00:00
t2.medium,ap-south-1b,0.0192,2026-09-27T10:00:00+00:00
t2.medium,ap-south-1a,0.0184,2026-09-27T06:00:00+00:00
t2.medium,ap-south-1b,0.0188,2026-09-27T03:00:00+00:00
t2.medium,ap-south-1a,0.0187,2026-09-26T23:00:00+00:00
t2.medium,ap-south-1b,0.0187,2026-09-26T21:00:00+00:00
t2.medium,ap-south-1b,0.0186,2026-09-26T18:00:00+00:00
t2.medium,ap-south-1b,0.0185,2026-09-26T15:00:00+00:00
t2.medium,ap-south-1a,0.019,2026-09-26T15:00:00+00:00
t2.medium,ap-south-1b,0.0181,2026-09-26T12:00:00+00:00
t2.medium,ap-south-1b,0.0176,2026-09-26T08:00:00+00:00
t2.medium,ap-south-1a,0.0193,2026-09-26T06:00:00+00:00
t2.medium,ap-south-1b,0.0173,2026-09-26T00:00:00+00:00
t2.medium,ap-south-1a,0.0195,2026-09-25T23:00:00+00:00
t2.medium,ap-south-1b,0.0171,2026-09-25T17:00:00+00:00
t2.medium,ap-south-1a,0.0198,2026-09-25T16:00:00+00:00
t2.medium,ap-south-1a,0.0201,2026-09-25T11:00:00+00:00
t2.medium,ap-south-1b,0.017,2026-09-25T08:00:00+00:00
t2.medium,ap-south-1a,0.0205,2026-09-25T05:00:00+00:00
t2.medium,ap-south-1b,0.0168,2026-09-25T03:00:00+00:00
t2.medium,ap-south-1a,0.0207,2026-09-25T01:00:00+00:00
t2.medium,ap-south-1b,0.0166,2026-09-24T21:00:00+00:00
t2.medium,ap-south-1a,0.0211,2026-09-24T19:00:00+00:00
t2.medium,ap-south-1b,0.0163,2026-09-24T17:00:00+00:00
t2.medium,ap-south-1b,0.016,2026-09-24T14:00:00+00:00
t2.medium,ap-south-1a,0.0211,2026-09-24T11:00:00+00:00
t2.medium,ap-south-1b,0.0158,2026-09-24T06:00:00+00:00
t2.medium,ap-south-1a,0.0214,2026-09-24T05:00:00+00:00
t2.medium,ap-south-1a,0.0215,2026-09-24T02:00:00+00:00
t2.medium,ap-south-1a,0.0217,2026-09-23T23:00:00+00:00
t2.medium,ap-south-1b,0.0158,2026-09-23T21:00:00+00:00
t2.medium,ap-south-1b,0.0158,2026-09-23T18:00:00+00:00
t2.medium,ap-south-1a,0.022,2026-09-23T14:00:00+00:00
t2.medium,ap-south-1b,0.0156,2026-09-23T11:00:00+00:00
t2.medium,ap-south-1a,0.0222,2026-09-23T11:00:00+00:00
t2.medium,ap-south-1a,0.0225,2026-09-23T07:00:00+00:00
t2.medium,ap-south-1b,0.0156,2026-09-23T03:00:00+00:00
t2.medium,ap-south-1a,0.0228,2026-09-22T23:00:00+00:00
t2.medium,ap-south-1b,0.0158,2026-09-22T18:00:00+00:00
t2.medium,ap-south-1a,0.023,2026-09-22T15:00:00+00:00
t2.medium,ap-south-1a,0.023,2026-09-22T12:00:00+00:00
t2.medium,ap-south-1b,0.0158,2026-09-22T11:00:00+00:00
t2.medium,ap-south-1b,0.0158,2026-09-22T04:00:00+00:00
t2.medium,ap-south-1a,0.0231,2026-09-22T03:00:00+00:00
t2.medium,ap-south-1a,0.0232,2026-09-21T22:00:00+00:00
t2.medium,ap-south-1b,0.0159,2026-09-21T21:00:00+00:00
t2.medium,ap-south-1b,0.016,2026-09-21T18:00:00+00:00
t2.medium,ap-south-1a,0.0233,2026-09-21T18:00:00+00:00
t2.medium,ap-south-1a,0.0234,2026-09-21T15:00:00+00:00
t2.medium,ap-south-1b,0.016,2026-09-21T10:00:00+00:00
t2.medium,ap-south-1a,0.0236,2026-09-21T08:00:00+00:00
t2.medium,ap-south-1b,0.0161,2026-09-21T06:00:00+00:00
t2.medium,ap-south-1b,0.0162,2026-09-21T00:00:00+00:00
t2.medium,ap-south-1a,0.024,2026-09-20T23:00:00+00:00
t2.medium,ap-south-1a,0.0244,2026-09-20T18:00:00+00:00
t2.medium,ap-south-1b,0.0163,2026-09-20T15:00:00+00:00
t2.medium,ap-south-1b,0.0165,2026-09-20T10:00:00+00:00
t2.medium,ap-south-1a,0.0247,2026-09-20T10:00:00+00:00
t2.medium,ap-south-1a,0.0248,2026-09-20T07:00:00+00:00
t2.medium,ap-south-1b,0.0166,2026-09-20T05:00:00+00:00
t2.medium,ap-south-1b,0.0166,2026-09-20T02:00:00+00:00
t2.medium,ap-south-1a,0.0249,2026-09-19T23:00:00+00:00
t2.medium,ap-south-1b,0.0167,2026-09-19T19:00:00+00:00
t2.medium,ap-south-1a,0.0253,2026-09-19T14:00:00+00:00
t2.medium,ap-south-1b,0.0169,2026-09-19T11:00:00+00:00
t2.medium,ap-south-1a,0.0257,2026-09-19T07:00:00+00:00
t2.medium,ap-south-1b,0.017,2026-09-19T02:00:00+00:00
t2.medium,ap-south-1a,0.0261,2026-09-19T00:00:00+00:00
t2.medium,ap-south-1b,0.0171,2026-09-18T22:00:00+00:00
t2.medium,ap-south-1a,0.0263,2026-09-18T17:00:00+00:00
t2.medium,ap-south-1b,0.0173,2026-09-18T14:00:00+00:00
t2.medium,ap-south-1a,0.0267,2026-09-18T13:00:00+00:00
t2.medium,ap-south-1b,0.0173,2026-09-18T09:00:00+00:00
t2.medium,ap-south-1a,0.0272,2026-09-18T08:00:00+00:00
t2.medium,ap-south-1b,0.0175,2026-09-18T04:00:00+00:00
t2.medium,ap-south-1a,0.0277,2026-09-18T03:00:00+00:00
t2.medium,ap-south-1b,0.0177,2026-09-18T00:00:00+00:00
t2.medium,ap-south-1a,0.0279,2026-09-17T20:00:00+00:00
t2.medium,ap-south-1b,0.0177,2026-09-17T19:00:00+00:00
t2.medium,ap-south-1a,0.0281,2026-09-17T14:00:00+00:00
t2.medium,ap-south-1b,0.0179,2026-09-17T10:00:00+00:00
t2.medium,ap-south-1a,0.0282,2026-09-17T09:00:00+00:00
t2.medium,ap-south-1a,0.0283,2026-09-17T04:00:00+00:00
t2.medium,ap-south-1b,0.0179,2026-09-17T01:00:00+00:00
t2.medium,ap-south-1a,0.0288,2026-09-16T20:00:00+00:00
t2.medium,ap-south-1b,0.0179,2026-09-16T17:00:00+00:00
t2.medium,ap-south-1a,0.0289,2026-09-16T13:00:00+00:00
t2.medium,ap-south-1b,0.018,2026-09-16T09:00:00+00:00
t2.medium,ap-south-1a,0.0292,2026-09-16T05:00:00+00:00
t2.medium,ap-south-1a,0.0295,2026-09-16T01:00:00+00:00
t2.medium,ap-south-1b,0.018,2026-09-16T00:00:00+00:00
t2.medium,ap-south-1b,0.018,2026-09-15T17:00:00+00:00
t2.medium,ap-south-1a,0.0297,2026-09-15T17:00:00+00:00
t2.medium,ap-south-1b,0.018,2026-09-15T14:00:00+00:00
t2.medium,ap-south-1b,0.018,2026-09-15T11:00:00+00:00
t2.medium,ap-south-1a,0.0297,2026-09-15T10:00:00+00:00
t2.medium,ap-south-1b,0.018,2026-09-15T06:00:00+00:00
t2.medium,ap-south-1a,0.03,2026-09-15T06:00:00+00:00
t2.medium,ap-south-1b,0.018,2026-09-15T02:00:00+00:00
t2.medium,ap-south-1a,0.0302,2026-09-14T23:00:00+00:00
t2.medium,ap-south-1b,0.018,2026-09-14T21:00:00+00:00
t2.medium,ap-south-1a,0.0306,2026-09-14T19:00:00+00:00
t2.medium,ap-south-1b,0.018,2026-09-14T13:00:00+00:00
t2.medium,ap-south-1a,0.031,2026-09-14T12:00:00+00:00
t2.medium,ap-south-1a,0.0315,2026-09-14T08:00:00+00:00
t2.medium,ap-south-1b,0.018,2026-09-14T06:00:00+00:00
t2.medium,ap-south-1a,0.032,2026-09-14T05:00:00+00:00
t2.medium,ap-south-1a,0.0321,2026-09-14T01:00:00+00:00
t2.medium,ap-south-1b,0.018,2026-09-13T22:00:00+00:00
t2.medium,ap-south-1b,0.0179,2026-09-13T18:00:00+00:00
t2.medium,ap-south-1a,0.0327,2026-09-13T17:00:00+00:00
t2.medium,ap-south-1a,0.0331,2026-09-13T12:00:00+00:00
t2.medium,ap-south-1b,0.0179,2026-09-13T11:00:00+00:00
t2.medium,ap-south-1b,0.0178,2026-09-13T06:00:00+00:00
t2.medium,ap-south-1a,0.0334,2026-09-13T05:00:00+00:00
t2.medium,ap-south-1a,0.0337,2026-09-13T02:00:00+00:00
t2.medium,ap-south-1b,0.0178,2026-09-13T00:00:00+00:00
t2.medium,ap-south-1a,0.0339,2026-09-12T20:00:00+00:00
t2.medium,ap-south-1b,0.0179,2026-09-12T15:00:00+00:00
t2.medium,ap-south-1a,0.0341,2026-09-12T14:00:00+00:00
t2.medium,ap-south-1a,0.0341,2026-09-12T10:00:00+00:00
t2.medium,ap-south-1b,0.0179,2026-09-12T07:00:00+00:00
t2.medium,ap-south-1a,0.0343,2026-09-12T06:00:00+00:00
t2.medium,ap-south-1b,0.0179,2026-09-12T04:00:00+00:00
t2.medium,ap-south-1a,0.0345,2026-09-12T03:00:00+00:00
t2.medium,ap-south-1b,0.018,2026-09-11T19:00:00+00:00
t2.medium,ap-south-1a,0.0346,2026-09-11T18:00:00+00:00
t2.medium,ap-south-1b,0.0181,2026-09-11T11:00:00+00:00
t2.medium,ap-south-1a,0.0349,2026-09-11T09:00:00+00:00
t2.medium,ap-south-1a,0.0352,2026-09-11T06:00:00+00:00
t2.medium,ap-south-1b,0.0182,2026-09-11T05:00:00+00:00
t2.medium,ap-south-1b,0.0182,2026-09-11T02:00:00+00:00
t2.medium,ap-south-1a,0.0354,2026-09-11T02:00:00+00:00
t2.medium,ap-south-1b,0.0183,2026-09-10T17:00:00+00:00
t2.medium,ap-south-1a,0.0354,2026-09-10T17:00:00+00:00
t2.medium,ap-south-1b,0.0183,2026-09-10T14:00:00+00:00
t2.medium,ap-south-1a,0.0359,2026-09-10T14:00:00+00:00
t2.medium,ap-south-1b,0.0184,2026-09-10T10:00:00+00:00
t2.medium,ap-south-1a,0.0365,2026-09-10T08:00:00+00:00
t2.medium,ap-south-1a,0.0371,2026-09-10T05:00:00+00:00
t2.medium,ap-south-1b,0.0184,2026-09-10T01:00:00+00:00
t2.medium,ap-south-1b,0.0184,2026-09-09T21:00:00+00:00
t2.medium,ap-south-1a,0.0378,2026-09-09T20:00:00+00:00
t2.medium,ap-south-1a,0.0383,2026-09-09T16:00:00+00:00
t2.medium,ap-south-1b,0.0185,2026-09-09T14:00:00+00:00
t2.medium,ap-south-1b,0.0185,2026-09-09T11:00:00+00:00
t2.medium,ap-south-1a,0.0388,2026-09-09T10:00:00+00:00
t2.medium,ap-south-1b,0.0185,2026-09-09T02:00:00+00:00
t2.medium,ap-south-1a,0.0394,2026-09-09T01:00:00+00:00
t2.medium,ap-south-1b,0.0185,2026-09-08T18:00:00+00:00
t2.medium,ap-south-1a,0.0401,2026-09-08T18:00:00+00:00
t2.medium,ap-south-1b,0.0186,2026-09-08T11:00:00+00:00
t2.medium,ap-south-1a,0.0405,2026-09-08T11:00:00+00:00
t2.medium,ap-south-1a,0.041,2026-09-08T03:00:00+00:00
t2.medium,ap-south-1b,0.0185,2026-09-08T02:00:00+00:00
t2.medium,ap-south-1b,0.0184,2026-09-07T23:00:00+00:00
t2.medium,ap-south-1a,0.0413,2026-09-07T20:00:00+00:00
t2.medium,ap-south-1a,0.0419,2026-09-07T17:00:00+00:00
t2.medium,ap-south-1b,0.0183,2026-09-07T15:00:00+00:00
t2.medium,ap-south-1a,0.0426,2026-09-07T13:00:00+00:00
t2.medium,ap-south-1b,0.0182,2026-09-07T07:00:00+00:00
t2.medium,ap-south-1a,0.0426,2026-09-07T06:00:00+00:00
t2.medium,ap-south-1b,0.0181,2026-09-07T00:00:00+00:00
t2.medium,ap-south-1a,0.0432,2026-09-06T23:00:00+00:00
t2.medium,ap-south-1b,0.018,2026-09-06T18:00:00+00:00
t2.medium,ap-south-1a,0.0436,2026-09-06T15:00:00+00:00
t2.medium,ap-south-1b,0.0179,2026-09-06T12:00:00+00:00
t2.medium,ap-south-1a,0.0437,2026-09-06T07:00:00+00:00
t2.medium,ap-south-1b,0.0179,2026-09-06T04:00:00+00:00
t2.medium,ap-south-1a,0.0443,2026-09-06T04:00:00+00:00
t2.medium,ap-south-1a,0.0448,2026-09-06T00:00:00+00:00
t2.medium,ap-south-1b,0.0175,2026-09-05T20:00:00+00:00
t2.medium,ap-south-1a,0.0451,2026-09-05T17:00:00+00:00
t2.medium,ap-south-1b,0.0173,2026-09-05T13:00:00+00:00
t2.medium,ap-south-1a,0.0456,2026-09-05T08:00:00+00:00
t2.medium,ap-south-1b,0.017,2026-09-05T04:00:00+00:00
t2.medium,ap-south-1a,0.0464,2026-09-05T04:00:00+00:00
t2.medium,ap-south-1b,0.0167,2026-09-05T01:00:00+00:00
t2.medium,ap-south-1b,0.0164,2026-09-04T19:00:00+00:00
t2.medium,ap-south-1a,0.0465,2026-09-04T19:00:00+00:00
t2.medium,ap-south-1a,0.0472,2026-09-04T13:00:00+00:00
t2.medium,ap-south-1b,0.0162,2026-09-04T11:00:00+00:00
t2.medium,ap-south-1b,0.0159,2026-09-04T05:00:00+00:00
t2.medium,ap-south-1a,0.0479,2026-09-04T04:00:00+00:00
t2.medium,ap-south-1b,0.0157,2026-09-04T00:00:00+00:00
t2.medium,ap-south-1a,0.0482,2026-09-04T00:00:00+00:00
t2.medium,ap-south-1b,0.0156,2026-09-03T19:00:00+00:00
t2.medium,ap-south-1a,0.0487,2026-09-03T19:00:00+00:00
t2.medium,ap-south-1b,0.0156,2026-09-03T16:00:00+00:00
t2.medium,ap-south-1a,0.0488,2026-09-03T10:00:00+00:00
t2.medium,ap-south-1b,0.0156,2026-09-03T09:00:00+00:00
t2.medium,ap-south-1a,0.0492,2026-09-03T02:00:00+00:00
t2.medium,ap-south-1b,0.0156,2026-09-03T01:00:00+00:00
t2.medium,ap-south-1a,0.0492,2026-09-02T17:00:00+00:00
t2.medium,ap-south-1b,0.0155,2026-09-02T16:00:00+00:00
t2.medium,ap-south-1b,0.0152,2026-09-02T11:00:00+00:00
t2.medium,ap-south-1a,0.0492,2026-09-02T09:00:00+00:00
t2.medium,ap-south-1b,0.0151,2026-09-02T06:00:00+00:00
t2.medium,ap-south-1a,0.0492,2026-09-02T03:00:00+00:00
t2.medium,ap-south-1b,0.015,2026-09-01T22:00:00+00:00
t2.medium,ap-south-1a,0.0492,2026-09-01T18:00:00+00:00
t2.medium,ap-south-1b,0.015,2026-09-01T17:00:00+00:00
t2.medium,ap-south-1a,0.0492,2026-09-01T14:00:00+00:00
t2.medium,ap-south-1b,0.015,2026-09-01T13:00:00+00:00
t2.medium,ap-south-1a,0.0492,2026-09-01T08:00:00+00:00
t2.medium,ap-south-1a,0.0492,2026-09-01T05:00:00+00:00
t2.medium,ap-south-1b,0.0149,2026-09-01T04:00:00+00:00
t2.medium,ap-south-1a,0.0492,2026-08-31T21:00:00+00:00
t2.medium,ap-south-1b,0.015,2026-08-31T19:00:00+00:00
t2.medium,ap-south-1a,0.0492,2026-08-31T17:00:00+00:00
t2.medium,ap-south-1b,0.0151,2026-08-31T15:00:00+00:00
t2.medium,ap-south-1b,0.0152,2026-08-31T12:00:00+00:00
t2.medium,ap-south-1a,0.0492,2026-08-31T08:00:00+00:00
t2.medium,ap-south-1b,0.0153,2026-08-31T06:00:00+00:00
t2.medium,ap-south-1a,0.0492,2026-08-31T05:00:00+00:00
t2.medium,ap-south-1b,0.0153,2026-08-31T03:00:00+00:00
t2.medium,ap-south-1a,0.0492,2026-08-31T00:00:00+00:00
t2.medium,ap-south-1b,0.0156,2026-08-30T23:00:00+00:00
t2.medium,ap-south-1b,0.0156,2026-08-30T19:00:00+00:00
t2.medium,ap-south-1a,0.0492,2026-08-30T17:00:00+00:00
t2.medium,ap-south-1b,0.0158,2026-08-30T16:00:00+00:00
t2.medium,ap-south-1b,0.0158,2026-08-30T12:00:00+00:00
t2.medium,ap-south-1a,0.0493,2026-08-30T12:00:00+00:00
t2.medium,ap-south-1b,0.0161,2026-08-30T07:00:00+00:00
t2.medium,ap-south-1a,0.0493,2026-08-30T07:00:00+00:00
t2.medium,ap-south-1a,0.0493,2026-08-30T00:00:00+00:00
t2.medium,ap-south-1b,0.0162,2026-08-29T22:00:00+00:00
t2.medium,ap-south-1a,0.0493,2026-08-29T21:00:00+00:00
t2.medium,ap-south-1b,0.0163,2026-08-29T17:00:00+00:00
t2.medium,ap-south-1b,0.0163,2026-08-29T14:00:00+00:00
t2.medium,ap-south-1a,0.0493,2026-08-29T14:00:00+00:00
t2.medium,ap-south-1b,0.0163,2026-08-29T11:00:00+00:00
t2.medium,ap-south-1a,0.0492,2026-08-29T11:00:00+00:00
t2.medium,ap-south-1a,0.0492,2026-08-29T08:00:00+00:00
t2.medium,ap-south-1b,0.0163,2026-08-29T07:00:00+00:00
t2.medium,ap-south-1b,0.0165,2026-08-29T00:00:00+00:00
t2.medium,ap-south-1a,0.0492,2026-08-29T00:00:00+00:00
t2.medium,ap-south-1a,0.0492,2026-08-28T19:00:00+00:00
t2.medium,ap-south-1b,0.0165,2026-08-28T18:00:00+00:00
t2.medium,ap-south-1a,0.0492,2026-08-28T15:00:00+00:00
t2.medium,ap-south-1b,0.0165,2026-08-28T11:00:00+00:00
t2.medium,ap-south-1a,0.0492,2026-08-28T10:00:00+00:00
m5.large,ap-south-1a,0.0338,2026-09-27T12:00:00+00:00
m5.large,ap-south-1c,0.0307,2026-09-27T10:00:00+00:00
m5.large,ap-south-1b,0.0437,2026-09-27T08:00:00+00:00
m5.large,ap-south-1a,0.0338,2026-09-27T08:00:00+00:00
m5.large,ap-south-1c,0.03,2026-09-27T05:00:00+00:00
m5.large,ap-south-1a,0.0336,2026-09-27T04:00:00+00:00
m5.large,ap-south-1c,0.0299,2026-09-27T01:00:00+00:00
m5.large,ap-south-1b,0.0433,2026-09-26T23:00:00+00:00
m5.large,ap-south-1a,0.0332,2026-09-26T21:00:00+00:00
m5.large,ap-south-1c,0.0295,2026-09-26T19:00:00+00:00
m5.large,ap-south-1a,0.0325,2026-09-26T17:00:00+00:00
m5.large,ap-south-1c,0.0295,2026-09-26T15:00:00+00:00
m5.large,ap-south-1b,0.0427,2026-09-26T14:00:00+00:00
m5.large,ap-south-1c,0.0294,2026-09-26T12:00:00+00:00
m5.large,ap-south-1b,0.0423,2026-09-26T10:00:00+00:00
m5.large,ap-south-1a,0.0322,2026-09-26T10:00:00+00:00
m5.large,ap-south-1b,0.0416,2026-09-26T06:00:00+00:00
m5.large,ap-south-1a,0.0315,2026-09-26T05:00:00+00:00
m5.large,ap-south-1c,0.0289,2026-09-26T04:00:00+00:00
m5.large,ap-south-1b,0.0415,2026-09-26T02:00:00+00:00
m5.large,ap-south-1a,0.0314,2026-09-26T00:00:00+00:00
m5.large,ap-south-1c,0.0285,2026-09-25T23:00:00+00:00
m5.large,ap-south-1a,0.0308,2026-09-25T21:00:00+00:00
m5.large,ap-south-1b,0.0407,2026-09-25T17:00:00+00:00
m5.large,ap-south-1c,0.0281,2026-09-25T16:00:00+00:00
m5.large,ap-south-1a,0.0306,2026-09-25T15:00:00+00:00
m5.large,ap-south-1c,0.0281,2026-09-25T11:00:00+00:00
m5.large,ap-south-1b,0.0405,2026-09-25T08:00:00+00:00
m5.large,ap-south-1c,0.0277,2026-09-25T08:00:00+00:00
m5.large,ap-south-1a,0.0301,2026-09-25T08:00:00+00:00
m5.large,ap-south-1a,0.0297,2026-09-25T02:00:00+00:00
m5.large,ap-south-1c,0.0274,2026-09-25T01:00:00+00:00
m5.large,ap-south-1b,0.0401,2026-09-24T23:00:00+00:00
m5.large,ap-south-1c,0.0273,2026-09-24T20:00:00+00:00
m5.large,ap-south-1a,0.0292,2026-09-24T20:00:00+00:00
m5.large,ap-south-1b,0.0395,2026-09-24T19:00:00+00:00
m5.large,ap-south-1a,0.0286,2026-09-24T17:00:00+00:00
m5.large,ap-south-1c,0.0268,2026-09-24T16:00:00+00:00
m5.large,ap-south-1b,0.0386,2026-09-24T15:00:00+00:00
m5.large,ap-south-1b,0.0386,2026-09-24T08:00:00+00:00
m5.large,ap-south-1c,0.0268,2026-09-24T08:00:00+00:00
m5.large,ap-south-1a,0.0283,2026-09-24T08:00:00+00:00
m5.large,ap-south-1c,0.0268,2026-09-24T05:00:00+00:00
m5.large,ap-south-1a,0.0283,2026-09-24T05:00:00+00:00
m5.large,ap-south-1b,0.0385,2026-09-24T01:00:00+00:00
m5.large,ap-south-1a,0.0283,2026-09-23T23:00:00+00:00
m5.large,ap-south-1c,0.0268,2026-09-23T22:00:00+00:00
m5.large,ap-south-1b,0.0381,2026-09-23T20:00:00+00:00
m5.large,ap-south-1a,0.0283,2026-09-23T17:00:00+00:00
m5.large,ap-south-1c,0.027,2026-09-23T14:00:00+00:00
m5.large,ap-south-1b,0.0381,2026-09-23T11:00:00+00:00
m5.large,ap-south-1a,0.0283,2026-09-23T10:00:00+00:00
m5.large,ap-south-1c,0.027,2026-09-23T09:00:00+00:00
m5.large,ap-south-1c,0.0271,2026-09-23T06:00:00+00:00
m5.large,ap-south-1a,0.0282,2026-09-23T05:00:00+00:00
m5.large,ap-south-1b,0.038,2026-09-23T04:00:00+00:00
m5.large,ap-south-1a,0.0282,2026-09-23T01:00:00+00:00
m5.large,ap-south-1c,0.0273,2026-09-22T22:00:00+00:00
m5.large,ap-south-1a,0.0284,2026-09-22T21:00:00+00:00
m5.large,ap-south-1b,0.0378,2026-09-22T20:00:00+00:00
m5.large,ap-south-1c,0.0274,2026-09-22T13:00:00+00:00
m5.large,ap-south-1b,0.0381,2026-09-22T12:00:00+00:00
m5.large,ap-south-1a,0.0285,2026-09-22T12:00:00+00:00
m5.large,ap-south-1c,0.0275,2026-09-22T10:00:00+00:00
m5.large,ap-south-1c,0.0275,2026-09-22T07:00:00+00:00
m5.large,ap-south-1a,0.0285,2026-09-22T06:00:00+00:00
m5.large,ap-south-1b,0.038,2026-09-22T03:00:00+00:00
m5.large,ap-south-1c,0.0276,2026-09-22T01:00:00+00:00
m5.large,ap-south-1b,0.0379,2026-09-21T22:00:00+00:00
m5.large,ap-south-1a,0.0285,2026-09-21T22:00:00+00:00
m5.large,ap-south-1c,0.0278,2026-09-21T18:00:00+00:00
m5.large,ap-south-1b,0.0378,2026-09-21T15:00:00+00:00
m5.large,ap-south-1c,0.0278,2026-09-21T14:00:00+00:00
m5.large,ap-south-1a,0.0285,2026-09-21T14:00:00+00:00
m5.large,ap-south-1b,0.0378,2026-09-21T09:00:00+00:00
m5.large,ap-south-1a,0.0284,2026-09-21T06:00:00+00:00
m5.large,ap-south-1c,0.0279,2026-09-21T05:00:00+00:00
m5.large,ap-south-1b,0.0378,2026-09-21T03:00:00+00:00
m5.large,ap-south-1b,0.0378,2026-09-21T00:00:00+00:00
m5.large,ap-south-1a,0.0284,2026-09-21T00:00:00+00:00
m5.large,ap-south-1c,0.028,2026-09-20T23:00:00+00:00
m5.large,ap-south-1b,0.0378,2026-09-20T21:00:00+00:00
m5.large,ap-south-1a,0.0284,2026-09-20T19:00:00+00:00
m5.large,ap-south-1b,0.0378,2026-09-20T18:00:00+00:00
m5.large,ap-south-1c,0.0282,2026-09-20T16:00:00+00:00
m5.large,ap-south-1b,0.0378,2026-09-20T11:00:00+00:00
m5.large,ap-south-1a,0.0285,2026-09-20T10:00:00+00:00
m5.large,ap-south-1c,0.0283,2026-09-20T09:00:00+00:00
m5.large,ap-south-1b,0.0378,2026-09-20T06:00:00+00:00
m5.large,ap-south-1a,0.0285,2026-09-20T04:00:00+00:00
m5.large,ap-south-1c,0.0283,2026-09-20T02:00:00+00:00
m5.large,ap-south-1b,0.0378,2026-09-20T00:00:00+00:00
m5.large,ap-south-1a,0.0285,2026-09-20T00:00:00+00:00
m5.large,ap-south-1b,0.0379,2026-09-19T18:00:00+00:00
m5.large,ap-south-1c,0.0284,2026-09-19T17:00:00+00:00
m5.large,ap-south-1a,0.0285,2026-09-19T17:00:00+00:00
m5.large,ap-south-1a,0.0286,2026-09-19T12:00:00+00:00
m5.large,ap-south-1b,0.0379,2026-09-19T11:00:00+00:00
m5.large,ap-south-1a,0.0286,2026-09-19T09:00:00+00:00
m5.large,ap-south-1c,0.0285,2026-09-19T08:00:00+00:00
m5.large,ap-south-1b,0.0379,2026-09-19T07:00:00+00:00
m5.large,ap-south-1a,0.0286,2026-09-19T05:00:00+00:00
m5.large,ap-south-1b,0.0378,2026-09-19T02:00:00+00:00
m5.large,ap-south-1a,0.0286,2026-09-19T01:00:00+00:00
m5.large,ap-south-1c,0.0286,2026-09-18T23:00:00+00:00
m5.large,ap-south-1b,0.0378,2026-09-18T19:00:00+00:00
m5.large,ap-south-1a,0.0286,2026-09-18T17:00:00+00:00
m5.large,ap-south-1c,0.0286,2026-09-18T16:00:00+00:00
m5.large,ap-south-1a,0.0287,2026-09-18T11:00:00+00:00
m5.large,ap-south-1b,0.0378,2026-09-18T10:00:00+00:00
m5.large,ap-south-1c,0.0288,2026-09-18T09:00:00+00:00
m5.large,ap-south-1b,0.0377,2026-09-18T06:00:00+00:00
m5.large,ap-south-1a,0.0287,2026-09-18T05:00:00+00:00
m5.large,ap-south-1c,0.0288,2026-09-18T04:00:00+00:00
m5.large,ap-south-1a,0.0287,2026-09-17T23:00:00+00:00
m5.large,ap-south-1b,0.0377,2026-09-17T22:00:00+00:00
m5.large,ap-south-1c,0.0288,2026-09-17T22:00:00+00:00
m5.large,ap-south-1b,0.0377,2026-09-17T19:00:00+00:00
m5.large,ap-south-1c,0.0289,2026-09-17T19:00:00+00:00
m5.large,ap-south-1a,0.0287,2026-09-17T16:00:00+00:00
m5.large,ap-south-1b,0.0377,2026-09-17T15:00:00+00:00
m5.large,ap-south-1c,0.029,2026-09-17T12:00:00+00:00
m5.large,ap-south-1a,0.0288,2026-09-17T12:00:00+00:00
m5.large,ap-south-1b,0.0378,2026-09-17T08:00:00+00:00
m5.large,ap-south-1c,0.029,2026-09-17T07:00:00+00:00
m5.large,ap-south-1a,0.0288,2026-09-17T06:00:00+00:00
m5.large,ap-south-1c,0.029,2026-09-17T03:00:00+00:00
m5.large,ap-south-1a,0.0288,2026-09-17T02:00:00+00:00
m5.large,ap-south-1b,0.0377,2026-09-16T23:00:00+00:00
m5.large,ap-south-1c,0.029,2026-09-16T23:00:00+00:00
m5.large,ap-south-1a,0.0288,2026-09-16T19:00:00+00:00
m5.large,ap-south-1b,0.0378,2026-09-16T17:00:00+00:00
m5.large,ap-south-1c,0.0291,2026-09-16T15:00:00+00:00
m5.large,ap-south-1a,0.0289,2026-09-16T12:00:00+00:00
m5.large,ap-south-1b,0.0378,2026-09-16T11:00:00+00:00
m5.large,ap-south-1c,0.0291,2026-09-16T10:00:00+00:00
m5.large,ap-south-1c,0.0291,2026-09-16T07:00:00+00:00
m5.large,ap-south-1b,0.0379,2026-09-16T03:00:00+00:00
m5.large,ap-south-1a,0.029,2026-09-16T03:00:00+00:00
m5.large,ap-south-1c,0.0291,2026-09-16T00:00:00+00:00
m5.large,ap-south-1b,0.0378,2026-09-15T23:00:00+00:00
m5.large,ap-south-1a,0.029,2026-09-15T23:00:00+00:00
m5.large,ap-south-1b,0.0378,2026-09-15T19:00:00+00:00
m5.large,ap-south-1c,0.0291,2026-09-15T16:00:00+00:00
m5.large,ap-south-1a,0.029,2026-09-15T16:00:00+00:00
m5.large,ap-south-1b,0.0377,2026-09-15T11:00:00+00:00
m5.large,ap-south-1a,0.0291,2026-09-15T11:00:00+00:00
m5.large,ap-south-1c,0.0291,2026-09-15T10:00:00+00:00
m5.large,ap-south-1a,0.0293,2026-09-15T06:00:00+00:00
m5.large,ap-south-1b,0.0377,2026-09-15T04:00:00+00:00
m5.large,ap-south-1c,0.0291,2026-09-15T04:00:00+00:00
m5.large,ap-south-1b,0.0377,2026-09-15T00:00:00+00:00
m5.large,ap-south-1c,0.0291,2026-09-15T00:00:00+00:00
m5.large,ap-south-1a,0.0294,2026-09-14T21:00:00+00:00
m5.large,ap-south-1b,0.0377,2026-09-14T19:00:00+00:00
m5.large,ap-south-1c,0.0291,2026-09-14T19:00:00+00:00
m5.large,ap-south-1a,0.0294,2026-09-14T18:00:00+00:00
m5.large,ap-south-1c,0.029,2026-09-14T15:00:00+00:00
m5.large,ap-south-1b,0.0377,2026-09-14T13:00:00+00:00
m5.large,ap-south-1a,0.0294,2026-09-14T10:00:00+00:00
m5.large,ap-south-1c,0.029,2026-09-14T09:00:00+00:00
m5.large,ap-south-1b,0.0377,2026-09-14T06:00:00+00:00
m5.large,ap-south-1c,0.0288,2026-09-14T04:00:00+00:00
m5.large,ap-south-1a,0.0294,2026-09-14T03:00:00+00:00
m5.large,ap-south-1b,0.0376,2026-09-13T22:00:00+00:00
m5.large,ap-south-1b,0.0376,2026-09-13T19:00:00+00:00
m5.large,ap-south-1c,0.0287,2026-09-13T19:00:00+00:00
m5.large,ap-south-1a,0.0295,2026-09-13T19:00:00+00:00
m5.large,ap-south-1c,0.0287,2026-09-13T16:00:00+00:00
m5.large,ap-south-1a,0.0295,2026-09-13T14:00:00+00:00
m5.large,ap-south-1b,0.0375,2026-09-13T13:00:00+00:00
m5.large,ap-south-1c,0.0286,2026-09-13T10:00:00+00:00
m5.large,ap-south-1a,0.0295,2026-09-13T07:00:00+00:00
m5.large,ap-south-1b,0.0373,2026-09-13T04:00:00+00:00
m5.large,ap-south-1c,0.0287,2026-09-13T02:00:00+00:00
m5.large,ap-south-1b,0.0374,2026-09-12T23:00:00+00:00
m5.large,ap-south-1a,0.0297,2026-09-12T22:00:00+00:00
m5.large,ap-south-1c,0.0287,2026-09-12T20:00:00+00:00
m5.large,ap-south-1a,0.0298,2026-09-12T17:00:00+00:00
m5.large,ap-south-1b,0.0373,2026-09-12T14:00:00+00:00
m5.large,ap-south-1c,0.0287,2026-09-12T14:00:00+00:00
m5.large,ap-south-1b,0.0372,2026-09-12T11:00:00+00:00
m5.large,ap-south-1a,0.0298,2026-09-12T10:00:00+00:00
m5.large,ap-south-1b,0.0372,2026-09-12T08:00:00+00:00
m5.large,ap-south-1a,0.0298,2026-09-12T07:00:00+00:00
m5.large,ap-south-1c,0.0288,2026-09-12T05:00:00+00:00
m5.large,ap-south-1a,0.03,2026-09-12T04:00:00+00:00
m5.large,ap-south-1c,0.0288,2026-09-12T02:00:00+00:00
m5.large,ap-south-1b,0.0372,2026-09-12T01:00:00+00:00
m5.large,ap-south-1a,0.0302,2026-09-11T21:00:00+00:00
m5.large,ap-south-1c,0.0289,2026-09-11T19:00:00+00:00
m5.large,ap-south-1b,0.0371,2026-09-11T17:00:00+00:00
m5.large,ap-south-1c,0.0289,2026-09-11T14:00:00+00:00
m5.large,ap-south-1b,0.0371,2026-09-11T13:00:00+00:00
m5.large,ap-south-1a,0.0304,2026-09-11T12:00:00+00:00
m5.large,ap-south-1c,0.029,2026-09-11T11:00:00+00:00
m5.large,ap-south-1b,0.0372,2026-09-11T08:00:00+00:00
m5.large,ap-south-1c,0.029,2026-09-11T08:00:00+00:00
m5.large,ap-south-1a,0.0306,2026-09-11T06:00:00+00:00
m5.large,ap-south-1a,0.0306,2026-09-11T03:00:00+00:00
m5.large,ap-south-1b,0.0372,2026-09-11T01:00:00+00:00
m5.large,ap-south-1c,0.029,2026-09-11T01:00:00+00:00
m5.large,ap-south-1a,0.0307,2026-09-10T20:00:00+00:00
m5.large,ap-south-1b,0.0374,2026-09-10T17:00:00+00:00
m5.large,ap-south-1c,0.0292,2026-09-10T17:00:00+00:00
m5.large,ap-south-1b,0.0374,2026-09-10T13:00:00+00:00
m5.large,ap-south-1c,0.0292,2026-09-10T13:00:00+00:00
m5.large,ap-south-1a,0.0308,2026-09-10T11:00:00+00:00
m5.large,ap-south-1c,0.0293,2026-09-10T08:00:00+00:00
m5.large,ap-south-1b,0.0374,2026-09-10T06:00:00+00:00
m5.large,ap-south-1a,0.0309,2026-09-10T06:00:00+00:00
m5.large,ap-south-1b,0.0374,2026-09-10T01:00:00+00:00
m5.large,ap-south-1c,0.0292,2026-09-10T00:00:00+00:00
m5.large,ap-south-1a,0.031,2026-09-09T21:00:00+00:00
m5.large,ap-south-1b,0.0375,2026-09-09T19:00:00+00:00
m5.large,ap-south-1c,0.0292,2026-09-09T18:00:00+00:00
m5.large,ap-south-1b,0.0376,2026-09-09T12:00:00+00:00
m5.large,ap-south-1c,0.0293,2026-09-09T12:00:00+00:00
m5.large,ap-south-1a,0.0311,2026-09-09T12:00:00+00:00
m5.large,ap-south-1b,0.0376,2026-09-09T08:00:00+00:00
m5.large,ap-south-1a,0.0311,2026-09-09T07:00:00+00:00
m5.large,ap-south-1c,0.0293,2026-09-09T03:00:00+00:00
m5.large,ap-south-1b,0.0375,2026-09-08T23:00:00+00:00
m5.large,ap-south-1a,0.0312,2026-09-08T23:00:00+00:00
m5.large,ap-south-1b,0.0375,2026-09-08T19:00:00+00:00
m5.large,ap-south-1c,0.0293,2026-09-08T18:00:00+00:00
m5.large,ap-south-1a,0.0312,2026-09-08T15:00:00+00:00
m5.large,ap-south-1b,0.0376,2026-09-08T14:00:00+00:00
m5.large,ap-south-1c,0.0293,2026-09-08T13:00:00+00:00
m5.large,ap-south-1a,0.0312,2026-09-08T11:00:00+00:00
m5.large,ap-south-1b,0.0376,2026-09-08T09:00:00+00:00
m5.large,ap-south-1a,0.0312,2026-09-08T08:00:00+00:00
m5.large,ap-south-1c,0.0293,2026-09-08T04:00:00+00:00
m5.large,ap-south-1b,0.0376,2026-09-08T01:00:00+00:00
m5.large,ap-south-1c,0.0293,2026-09-08T01:00:00+00:00
m5.large,ap-south-1a,0.0312,2026-09-08T01:00:00+00:00
m5.large,ap-south-1c,0.0293,2026-09-07T21:00:00+00:00
m5.large,ap-south-1a,0.0313,2026-09-07T18:00:00+00:00
m5.large,ap-south-1b,0.0378,2026-09-07T16:00:00+00:00
m5.large,ap-south-1a,0.0313,2026-09-07T14:00:00+00:00
m5.large,ap-south-1b,0.0378,2026-09-07T13:00:00+00:00
m5.large,ap-south-1c,0.0293,2026-09-07T13:00:00+00:00
m5.large,ap-south-1a,0.0314,2026-09-07T08:00:00+00:00
m5.large,ap-south-1b,0.038,2026-09-07T05:00:00+00:00
m5.large,ap-south-1c,0.0293,2026-09-07T04:00:00+00:00
m5.large,ap-south-1b,0.0381,2026-09-06T23:00:00+00:00
m5.large,ap-south-1a,0.0317,2026-09-06T23:00:00+00:00
m5.large,ap-south-1b,0.0382,2026-09-06T20:00:00+00:00
m5.large,ap-south-1c,0.0293,2026-09-06T20:00:00+00:00
m5.large,ap-south-1a,0.0317,2026-09-06T18:00:00+00:00
m5.large,ap-south-1c,0.0293,2026-09-06T16:00:00+00:00
m5.large,ap-south-1a,0.0317,2026-09-06T14:00:00+00:00
m5.large,ap-south-1c,0.0293,2026-09-06T13:00:00+00:00
m5.large,ap-south-1b,0.0383,2026-09-06T12:00:00+00:00
m5.large,ap-south-1b,0.0383,2026-09-06T08:00:00+00:00
m5.large,ap-south-1a,0.0318,2026-09-06T06:00:00+00:00
m5.large,ap-south-1c,0.0292,2026-09-06T04:00:00+00:00
m5.large,ap-south-1b,0.0382,2026-09-05T23:00:00+00:00
m5.large,ap-south-1c,0.0292,2026-09-05T22:00:00+00:00
m5.large,ap-south-1a,0.032,2026-09-05T21:00:00+00:00
m5.large,ap-south-1b,0.0383,2026-09-05T15:00:00+00:00
m5.large,ap-south-1c,0.0292,2026-09-05T14:00:00+00:00
m5.large,ap-south-1a,0.0321,2026-09-05T13:00:00+00:00
m5.large,ap-south-1a,0.032,2026-09-05T09:00:00+00:00
m5.large,ap-south-1b,0.0382,2026-09-05T07:00:00+00:00
m5.large,ap-south-1c,0.0291,2026-09-05T07:00:00+00:00
m5.large,ap-south-1c,0.0286,2026-09-05T03:00:00+00:00
m5.large,ap-south-1a,0.0319,2026-09-05T01:00:00+00:00
m5.large,ap-south-1b,0.0377,2026-09-05T00:00:00+00:00
m5.large,ap-south-1a,0.0312,2026-09-04T22:00:00+00:00
m5.large,ap-south-1c,0.028,2026-09-04T20:00:00+00:00
m5.large,ap-south-1a,0.0308,2026-09-04T19:00:00+00:00
m5.large,ap-south-1b,0.0368,2026-09-04T17:00:00+00:00
m5.large,ap-south-1c,0.0277,2026-09-04T17:00:00+00:00
m5.large,ap-south-1b,0.0367,2026-09-04T14:00:00+00:00
m5.large,ap-south-1a,0.0306,2026-09-04T14:00:00+00:00
m5.large,ap-south-1c,0.0273,2026-09-04T12:00:00+00:00
m5.large,ap-south-1c,0.0272,2026-09-04T09:00:00+00:00
m5.large,ap-south-1b,0.0366,2026-09-04T07:00:00+00:00
m5.large,ap-south-1a,0.0302,2026-09-04T07:00:00+00:00
m5.large,ap-south-1b,0.036,2026-09-04T02:00:00+00:00
m5.large,ap-south-1c,0.0269,2026-09-04T00:00:00+00:00
m5.large,ap-south-1a,0.0295,2026-09-03T22:00:00+00:00
m5.large,ap-south-1b,0.0352,2026-09-03T19:00:00+00:00
m5.large,ap-south-1c,0.0265,2026-09-03T18:00:00+00:00
m5.large,ap-south-1b,0.035,2026-09-03T16:00:00+00:00
m5.large,ap-south-1c,0.0265,2026-09-03T14:00:00+00:00
m5.large,ap-south-1a,0.0289,2026-09-03T13:00:00+00:00
m5.large,ap-south-1b,0.0348,2026-09-03T11:00:00+00:00
m5.large,ap-south-1c,0.0265,2026-09-03T09:00:00+00:00
m5.large,ap-south-1b,0.0347,2026-09-03T06:00:00+00:00
m5.large,ap-south-1a,0.0289,2026-09-03T06:00:00+00:00
m5.large,ap-south-1c,0.0265,2026-09-03T04:00:00+00:00
m5.large,ap-south-1c,0.0265,2026-09-03T01:00:00+00:00
m5.large,ap-south-1a,0.0289,2026-09-03T00:00:00+00:00
m5.large,ap-south-1b,0.0345,2026-09-02T21:00:00+00:00
m5.large,ap-south-1c,0.0265,2026-09-02T21:00:00+00:00
m5.large,ap-south-1c,0.0265,2026-09-02T18:00:00+00:00
m5.large,ap-south-1a,0.029,2026-09-02T18:00:00+00:00
m5.large,ap-south-1a,0.029,2026-09-02T14:00:00+00:00
m5.large,ap-south-1b,0.0343,2026-09-02T13:00:00+00:00
m5.large,ap-south-1c,0.0265,2026-09-02T10:00:00+00:00
m5.large,ap-south-1a,0.029,2026-09-02T08:00:00+00:00
m5.large,ap-south-1b,0.034,2026-09-02T05:00:00+00:00
m5.large,ap-south-1a,0.029,2026-09-02T04:00:00+00:00
m5.large,ap-south-1c,0.0265,2026-09-02T03:00:00+00:00
m5.large,ap-south-1a,0.0291,2026-09-02T00:00:00+00:00
m5.large,ap-south-1c,0.0266,2026-09-01T21:00:00+00:00
m5.large,ap-south-1b,0.0338,2026-09-01T20:00:00+00:00
m5.large,ap-south-1b,0.0337,2026-09-01T16:00:00+00:00
m5.large,ap-south-1a,0.0291,2026-09-01T15:00:00+00:00
m5.large,ap-south-1c,0.0266,2026-09-01T12:00:00+00:00
m5.large,ap-south-1b,0.0335,2026-09-01T10:00:00+00:00
m5.large,ap-south-1a,0.0292,2026-09-01T10:00:00+00:00
m5.large,ap-south-1c,0.0266,2026-09-01T07:00:00+00:00
m5.large,ap-south-1b,0.0334,2026-09-01T04:00:00+00:00
m5.large,ap-south-1a,0.0292,2026-09-01T04:00:00+00:00
m5.large,ap-south-1c,0.0266,2026-09-01T01:00:00+00:00
m5.large,ap-south-1b,0.0333,2026-08-31T22:00:00+00:00
m5.large,ap-south-1a,0.0294,2026-08-31T21:00:00+00:00
m5.large,ap-south-1b,0.0331,2026-08-31T18:00:00+00:00
m5.large,ap-south-1c,0.0267,2026-08-31T18:00:00+00:00
m5.large,ap-south-1c,0.0267,2026-08-31T14:00:00+00:00
m5.large,ap-south-1a,0.0295,2026-08-31T12:00:00+00:00
m5.large,ap-south-1b,0.033,2026-08-31T11:00:00+00:00
m5.large,ap-south-1c,0.0267,2026-08-31T11:00:00+00:00
m5.large,ap-south-1c,0.0267,2026-08-31T06:00:00+00:00
m5.large,ap-south-1a,0.0296,2026-08-31T05:00:00+00:00
m5.large,ap-south-1b,0.0329,2026-08-31T04:00:00+00:00
m5.large,ap-south-1b,0.0329,2026-08-31T01:00:00+00:00
m5.large,ap-south-1c,0.0268,2026-08-31T00:00:00+00:00
m5.large,ap-south-1a,0.0296,2026-08-30T23:00:00+00:00
m5.large,ap-south-1b,0.0327,2026-08-30T17:00:00+00:00
m5.large,ap-south-1c,0.0269,2026-08-30T17:00:00+00:00
m5.large,ap-south-1a,0.0297,2026-08-30T15:00:00+00:00
m5.large,ap-south-1c,0.0269,2026-08-30T14:00:00+00:00
m5.large,ap-south-1c,0.027,2026-08-30T11:00:00+00:00
m5.large,ap-south-1a,0.0297,2026-08-30T11:00:00+00:00
m5.large,ap-south-1b,0.0325,2026-08-30T09:00:00+00:00
m5.large,ap-south-1b,0.0324,2026-08-30T03:00:00+00:00
m5.large,ap-south-1c,0.0271,2026-08-30T03:00:00+00:00
m5.large,ap-south-1a,0.0298,2026-08-30T02:00:00+00:00
m5.large,ap-south-1c,0.0271,2026-08-29T22:00:00+00:00
m5.large,ap-south-1a,0.0298,2026-08-29T21:00:00+00:00
m5.large,ap-south-1b,0.0321,2026-08-29T18:00:00+00:00
m5.large,ap-south-1c,0.0271,2026-08-29T17:00:00+00:00
m5.large,ap-south-1a,0.0299,2026-08-29T17:00:00+00:00
m5.large,ap-south-1b,0.032,2026-08-29T12:00:00+00:00
m5.large,ap-south-1c,0.0272,2026-08-29T10:00:00+00:00
m5.large,ap-south-1b,0.032,2026-08-29T09:00:00+00:00
m5.large,ap-south-1a,0.03,2026-08-29T08:00:00+00:00
m5.large,ap-south-1c,0.0272,2026-08-29T06:00:00+00:00
m5.large,ap-south-1b,0.0318,2026-08-29T03:00:00+00:00
m5.large,ap-south-1a,0.03,2026-08-29T02:00:00+00:00
m5.large,ap-south-1b,0.0316,2026-08-28T23:00:00+00:00
m5.large,ap-south-1c,0.0272,2026-08-28T21:00:00+00:00
m5.large,ap-south-1a,0.0301,2026-08-28T18:00:00+00:00
m5.large,ap-south-1b,0.0315,2026-08-28T14:00:00+00:00
m5.large,ap-south-1c,0.0272,2026-08-28T13:00:00+00:00
m5.large,ap-south-1a,0.0301,2026-08-28T13:00:00+00:00
m5.xlarge,ap-south-1c,0.0706,2026-09-27T14:00:00+00:00
m5.xlarge,ap-south-1b,0.0748,2026-09-27T13:00:00+00:00
m5.xlarge,ap-south-1b,0.0737,2026-09-27T09:00:00+00:00
m5.xlarge,ap-south-1a,0.0595,2026-09-27T09:00:00+00:00
m5.xlarge,ap-south-1c,0.0706,2026-09-27T05:00:00+00:00
m5.xlarge,ap-south-1a,0.0585,2026-09-27T03:00:00+00:00
m5.xlarge,ap-south-1b,0.0734,2026-09-27T00:00:00+00:00
m5.xlarge,ap-south-1c,0.0702,2026-09-27T00:00:00+00:00
m5.xlarge,ap-south-1a,0.0582,2026-09-26T19:00:00+00:00
m5.xlarge,ap-south-1c,0.0686,2026-09-26T17:00:00+00:00
m5.xlarge,ap-south-1b,0.0734,2026-09-26T16:00:00+00:00
m5.xlarge,ap-south-1b,0.0726,2026-09-26T12:00:00+00:00
m5.xlarge,ap-south-1a,0.057,2026-09-26T12:00:00+00:00
m5.xlarge,ap-south-1a,0.0561,2026-09-26T09:00:00+00:00
m5.xlarge,ap-south-1b,0.0723,2026-09-26T08:00:00+00:00
m5.xlarge,ap-south-1c,0.067,2026-09-26T08:00:00+00:00
m5.xlarge,ap-south-1b,0.0715,2026-09-26T04:00:00+00:00
m5.xlarge,ap-south-1a,0.0555,2026-09-26T02:00:00+00:00
m5.xlarge,ap-south-1b,0.0714,2026-09-26T01:00:00+00:00
m5.xlarge,ap-south-1c,0.0658,2026-09-26T00:00:00+00:00
m5.xlarge,ap-south-1a,0.0554,2026-09-25T22:00:00+00:00
m5.xlarge,ap-south-1b,0.0704,2026-09-25T20:00:00+00:00
m5.xlarge,ap-south-1c,0.065,2026-09-25T17:00:00+00:00
m5.xlarge,ap-south-1c,0.0649,2026-09-25T13:00:00+00:00
m5.xlarge,ap-south-1a,0.0544,2026-09-25T13:00:00+00:00
m5.xlarge,ap-south-1b,0.0695,2026-09-25T12:00:00+00:00
m5.xlarge,ap-south-1c,0.0638,2026-09-25T06:00:00+00:00
m5.xlarge,ap-south-1a,0.0542,2026-09-25T04:00:00+00:00
m5.xlarge,ap-south-1b,0.0679,2026-09-25T03:00:00+00:00
m5.xlarge,ap-south-1c,0.0629,2026-09-25T03:00:00+00:00
m5.xlarge,ap-south-1a,0.0539,2026-09-25T01:00:00+00:00
m5.xlarge,ap-south-1c,0.0617,2026-09-24T21:00:00+00:00
m5.xlarge,ap-south-1b,0.0678,2026-09-24T18:00:00+00:00
m5.xlarge,ap-south-1a,0.0536,2026-09-24T18:00:00+00:00
m5.xlarge,ap-south-1b,0.0665,2026-09-24T14:00:00+00:00
m5.xlarge,ap-south-1c,0.0606,2026-09-24T14:00:00+00:00
m5.xlarge,ap-south-1a,0.0529,2026-09-24T12:00:00+00:00
m5.xlarge,ap-south-1c,0.0604,2026-09-24T10:00:00+00:00
m5.xlarge,ap-south-1b,0.0667,2026-09-24T08:00:00+00:00
m5.xlarge,ap-south-1a,0.0529,2026-09-24T07:00:00+00:00
m5.xlarge,ap-south-1b,0.0666,2026-09-24T05:00:00+00:00
m5.xlarge,ap-south-1a,0.0529,2026-09-24T02:00:00+00:00
m5.xlarge,ap-south-1c,0.0604,2026-09-24T01:00:00+00:00
m5.xlarge,ap-south-1a,0.053,2026-09-23T23:00:00+00:00
m5.xlarge,ap-south-1b,0.0668,2026-09-23T20:00:00+00:00
m5.xlarge,ap-south-1c,0.0603,2026-09-23T19:00:00+00:00
m5.xlarge,ap-south-1b,0.067,2026-09-23T17:00:00+00:00
m5.xlarge,ap-south-1a,0.053,2026-09-23T17:00:00+00:00
m5.xlarge,ap-south-1b,0.067,2026-09-23T13:00:00+00:00
m5.xlarge,ap-south-1c,0.0603,2026-09-23T10:00:00+00:00
m5.xlarge,ap-south-1a,0.053,2026-09-23T08:00:00+00:00
m5.xlarge,ap-south-1b,0.0671,2026-09-23T07:00:00+00:00
m5.xlarge,ap-south-1c,0.0605,2026-09-23T05:00:00+00:00
m5.xlarge,ap-south-1a,0.0533,2026-09-23T01:00:00+00:00
m5.xlarge,ap-south-1b,0.0672,2026-09-22T23:00:00+00:00
m5.xlarge,ap-south-1c,0.0605,2026-09-22T21:00:00+00:00
m5.xlarge,ap-south-1a,0.0536,2026-09-22T21:00:00+00:00
m5.xlarge,ap-south-1b,0.0672,2026-09-22T19:00:00+00:00
m5.xlarge,ap-south-1c,0.0611,2026-09-22T18:00:00+00:00
m5.xlarge,ap-south-1a,0.0538,2026-09-22T16:00:00+00:00
m5.xlarge,ap-south-1b,0.0679,2026-09-22T15:00:00+00:00
m5.xlarge,ap-south-1c,0.0611,2026-09-22T13:00:00+00:00
m5.xlarge,ap-south-1c,0.0611,2026-09-22T10:00:00+00:00
m5.xlarge,ap-south-1b,0.0679,2026-09-22T09:00:00+00:00
m5.xlarge,ap-south-1a,0.0538,2026-09-22T08:00:00+00:00
m5.xlarge,ap-south-1c,0.0611,2026-09-22T07:00:00+00:00
m5.xlarge,ap-south-1c,0.0612,2026-09-22T03:00:00+00:00
m5.xlarge,ap-south-1a,0.0537,2026-09-22T02:00:00+00:00
m5.xlarge,ap-south-1b,0.0676,2026-09-22T00:00:00+00:00
m5.xlarge,ap-south-1c,0.0609,2026-09-21T22:00:00+00:00
m5.xlarge,ap-south-1c,0.0609,2026-09-21T19:00:00+00:00
m5.xlarge,ap-south-1a,0.0538,2026-09-21T18:00:00+00:00
m5.xlarge,ap-south-1c,0.0606,2026-09-21T16:00:00+00:00
m5.xlarge,ap-south-1b,0.0675,2026-09-21T15:00:00+00:00
m5.xlarge,ap-south-1a,0.0538,2026-09-21T15:00:00+00:00
m5.xlarge,ap-south-1a,0.0538,2026-09-21T12:00:00+00:00
m5.xlarge,ap-south-1c,0.0604,2026-09-21T10:00:00+00:00
m5.xlarge,ap-south-1b,0.0674,2026-09-21T09:00:00+00:00
m5.xlarge,ap-south-1a,0.0538,2026-09-21T09:00:00+00:00
m5.xlarge,ap-south-1b,0.0673,2026-09-21T06:00:00+00:00
m5.xlarge,ap-south-1c,0.0603,2026-09-21T05:00:00+00:00
m5.xlarge,ap-south-1a,0.0539,2026-09-21T02:00:00+00:00
m5.xlarge,ap-south-1c,0.0602,2026-09-21T01:00:00+00:00
m5.xlarge,ap-south-1a,0.0539,2026-09-20T23:00:00+00:00
m5.xlarge,ap-south-1b,0.0673,2026-09-20T21:00:00+00:00
m5.xlarge,ap-south-1c,0.0602,2026-09-20T21:00:00+00:00
m5.xlarge,ap-south-1a,0.0539,2026-09-20T20:00:00+00:00
m5.xlarge,ap-south-1b,0.0672,2026-09-20T15:00:00+00:00
m5.xlarge,ap-south-1c,0.0601,2026-09-20T13:00:00+00:00
m5.xlarge,ap-south-1a,0.054,2026-09-20T11:00:00+00:00
m5.xlarge,ap-south-1b,0.0671,2026-09-20T07:00:00+00:00
m5.xlarge,ap-south-1c,0.06,2026-09-20T06:00:00+00:00
m5.xlarge,ap-south-1b,0.067,2026-09-20T02:00:00+00:00
m5.xlarge,ap-south-1a,0.054,2026-09-20T02:00:00+00:00
m5.xlarge,ap-south-1c,0.06,2026-09-19T21:00:00+00:00
m5.xlarge,ap-south-1a,0.0541,2026-09-19T20:00:00+00:00
m5.xlarge,ap-south-1b,0.067,2026-09-19T19:00:00+00:00
m5.xlarge,ap-south-1c,0.06,2026-09-19T17:00:00+00:00
m5.xlarge,ap-south-1a,0.0541,2026-09-19T12:00:00+00:00
m5.xlarge,ap-south-1b,0.0669,2026-09-19T10:00:00+00:00
m5.xlarge,ap-south-1c,0.06,2026-09-19T10:00:00+00:00
m5.xlarge,ap-south-1b,0.0669,2026-09-19T07:00:00+00:00
m5.xlarge,ap-south-1c,0.06,2026-09-19T07:00:00+00:00
m5.xlarge,ap-south-1c,0.06,2026-09-19T04:00:00+00:00
m5.xlarge,ap-south-1a,0.0541,2026-09-19T04:00:00+00:00
m5.xlarge,ap-south-1b,0.0667,2026-09-19T00:00:00+00:00
m5.xlarge,ap-south-1a,0.0542,2026-09-19T00:00:00+00:00
m5.xlarge,ap-south-1c,0.06,2026-09-18T21:00:00+00:00
m5.xlarge,ap-south-1a,0.054,2026-09-18T17:00:00+00:00
m5.xlarge,ap-south-1b,0.0666,2026-09-18T15:00:00+00:00
m5.xlarge,ap-south-1c,0.0599,2026-09-18T12:00:00+00:00
m5.xlarge,ap-south-1b,0.0667,2026-09-18T10:00:00+00:00
m5.xlarge,ap-south-1a,0.054,2026-09-18T10:00:00+00:00
m5.xlarge,ap-south-1c,0.0599,2026-09-18T04:00:00+00:00
m5.xlarge,ap-south-1a,0.054,2026-09-18T04:00:00+00:00
m5.xlarge,ap-south-1b,0.0667,2026-09-18T02:00:00+00:00
m5.xlarge,ap-south-1a,0.054,2026-09-17T23:00:00+00:00
m5.xlarge,ap-south-1b,0.0666,2026-09-17T21:00:00+00:00
m5.xlarge,ap-south-1a,0.054,2026-09-17T20:00:00+00:00
m5.xlarge,ap-south-1c,0.0598,2026-09-17T19:00:00+00:00
m5.xlarge,ap-south-1b,0.0666,2026-09-17T18:00:00+00:00
m5.xlarge,ap-south-1b,0.0666,2026-09-17T15:00:00+00:00
m5.xlarge,ap-south-1c,0.0597,2026-09-17T15:00:00+00:00
m5.xlarge,ap-south-1a,0.0539,2026-09-17T11:00:00+00:00
m5.xlarge,ap-south-1b,0.0667,2026-09-17T10:00:00+00:00
m5.xlarge,ap-south-1c,0.0596,2026-09-17T09:00:00+00:00
m5.xlarge,ap-south-1b,0.0668,2026-09-17T06:00:00+00:00
m5.xlarge,ap-south-1a,0.0539,2026-09-17T02:00:00+00:00
m5.xlarge,ap-south-1c,0.0597,2026-09-17T00:00:00+00:00
m5.xlarge,ap-south-1b,0.0669,2026-09-16T22:00:00+00:00
m5.xlarge,ap-south-1a,0.0538,2026-09-16T20:00:00+00:00
m5.xlarge,ap-south-1c,0.0598,2026-09-16T18:00:00+00:00
m5.xlarge,ap-south-1a,0.0539,2026-09-16T16:00:00+00:00
m5.xlarge,ap-south-1b,0.067,2026-09-16T15:00:00+00:00
m5.xlarge,ap-south-1c,0.0598,2026-09-16T14:00:00+00:00
m5.xlarge,ap-south-1a,0.0539,2026-09-16T10:00:00+00:00
m5.xlarge,ap-south-1b,0.0671,2026-09-16T08:00:00+00:00
m5.xlarge,ap-south-1c,0.0598,2026-09-16T05:00:00+00:00
m5.xlarge,ap-south-1a,0.0539,2026-09-16T05:00:00+00:00
m5.xlarge,ap-south-1c,0.0598,2026-09-16T00:00:00+00:00
m5.xlarge,ap-south-1b,0.067,2026-09-15T23:00:00+00:00
m5.xlarge,ap-south-1a,0.0539,2026-09-15T21:00:00+00:00
m5.xlarge,ap-south-1b,0.067,2026-09-15T18:00:00+00:00
m5.xlarge,ap-south-1c,0.0598,2026-09-15T17:00:00+00:00
m5.xlarge,ap-south-1c,0.0598,2026-09-15T12:00:00+00:00
m5.xlarge,ap-south-1a,0.0539,2026-09-15T12:00:00+00:00
m5.xlarge,ap-south-1b,0.0671,2026-09-15T10:00:00+00:00
m5.xlarge,ap-south-1a,0.0539,2026-09-15T09:00:00+00:00
m5.xlarge,ap-south-1c,0.0598,2026-09-15T06:00:00+00:00
m5.xlarge,ap-south-1b,0.0671,2026-09-15T05:00:00+00:00
m5.xlarge,ap-south-1a,0.054,2026-09-15T02:00:00+00:00
m5.xlarge,ap-south-1b,0.0671,2026-09-15T01:00:00+00:00
m5.xlarge,ap-south-1c,0.0599,2026-09-14T23:00:00+00:00
m5.xlarge,ap-south-1b,0.0672,2026-09-14T22:00:00+00:00
m5.xlarge,ap-south-1a,0.0541,2026-09-14T21:00:00+00:00
m5.xlarge,ap-south-1b,0.0672,2026-09-14T15:00:00+00:00
m5.xlarge,ap-south-1c,0.0599,2026-09-14T15:00:00+00:00
m5.xlarge,ap-south-1a,0.0542,2026-09-14T14:00:00+00:00
m5.xlarge,ap-south-1b,0.0672,2026-09-14T12:00:00+00:00
m5.xlarge,ap-south-1c,0.0599,2026-09-14T10:00:00+00:00
m5.xlarge,ap-south-1a,0.0542,2026-09-14T08:00:00+00:00
m5.xlarge,ap-south-1b,0.0673,2026-09-14T05:00:00+00:00
m5.xlarge,ap-south-1c,0.0599,2026-09-14T05:00:00+00:00
m5.xlarge,ap-south-1c,0.0599,2026-09-14T02:00:00+00:00
m5.xlarge,ap-south-1a,0.0543,2026-09-14T02:00:00+00:00
m5.xlarge,ap-south-1c,0.0599,2026-09-13T21:00:00+00:00
m5.xlarge,ap-south-1b,0.0673,2026-09-13T20:00:00+00:00
m5.xlarge,ap-south-1a,0.0543,2026-09-13T19:00:00+00:00
m5.xlarge,ap-south-1c,0.0598,2026-09-13T18:00:00+00:00
m5.xlarge,ap-south-1b,0.0672,2026-09-13T16:00:00+00:00
m5.xlarge,ap-south-1a,0.0543,2026-09-13T11:00:00+00:00
m5.xlarge,ap-south-1c,0.0597,2026-09-13T10:00:00+00:00
m5.xlarge,ap-south-1b,0.0671,2026-09-13T08:00:00+00:00
m5.xlarge,ap-south-1a,0.0543,2026-09-13T06:00:00+00:00
m5.xlarge,ap-south-1c,0.0597,2026-09-13T01:00:00+00:00
m5.xlarge,ap-south-1a,0.0543,2026-09-13T01:00:00+00:00
m5.xlarge,ap-south-1b,0.0669,2026-09-13T00:00:00+00:00
m5.xlarge,ap-south-1c,0.0597,2026-09-12T20:00:00+00:00
m5.xlarge,ap-south-1b,0.0668,2026-09-12T16:00:00+00:00
m5.xlarge,ap-south-1a,0.0546,2026-09-12T16:00:00+00:00
m5.xlarge,ap-south-1c,0.0597,2026-09-12T12:00:00+00:00
m5.xlarge,ap-south-1a,0.0546,2026-09-12T08:00:00+00:00
m5.xlarge,ap-south-1b,0.0666,2026-09-12T07:00:00+00:00
m5.xlarge,ap-south-1c,0.0596,2026-09-12T04:00:00+00:00
m5.xlarge,ap-south-1c,0.0596,2026-09-11T23:00:00+00:00
m5.xlarge,ap-south-1a,0.0548,2026-09-11T23:00:00+00:00
m5.xlarge,ap-south-1b,0.0667,2026-09-11T22:00:00+00:00
m5.xlarge,ap-south-1c,0.0596,2026-09-11T18:00:00+00:00
m5.xlarge,ap-south-1a,0.0549,2026-09-11T16:00:00+00:00
m5.xlarge,ap-south-1b,0.0667,2026-09-11T15:00:00+00:00
m5.xlarge,ap-south-1c,0.0596,2026-09-11T09:00:00+00:00
m5.xlarge,ap-south-1a,0.0551,2026-09-11T09:00:00+00:00
m5.xlarge,ap-south-1b,0.0668,2026-09-11T07:00:00+00:00
m5.xlarge,ap-south-1c,0.0595,2026-09-11T06:00:00+00:00
m5.xlarge,ap-south-1a,0.0552,2026-09-11T04:00:00+00:00
m5.xlarge,ap-south-1b,0.0668,2026-09-11T03:00:00+00:00
m5.xlarge,ap-south-1c,0.0595,2026-09-11T01:00:00+00:00
m5.xlarge,ap-south-1c,0.0596,2026-09-10T22:00:00+00:00
m5.xlarge,ap-south-1b,0.0669,2026-09-10T21:00:00+00:00
m5.xlarge,ap-south-1a,0.0553,2026-09-10T21:00:00+00:00
m5.xlarge,ap-south-1b,0.0668,2026-09-10T15:00:00+00:00
m5.xlarge,ap-south-1a,0.0555,2026-09-10T15:00:00+00:00
m5.xlarge,ap-south-1c,0.0596,2026-09-10T14:00:00+00:00
m5.xlarge,ap-south-1b,0.0667,2026-09-10T08:00:00+00:00
m5.xlarge,ap-south-1c,0.0596,2026-09-10T07:00:00+00:00
m5.xlarge,ap-south-1a,0.0557,2026-09-10T06:00:00+00:00
m5.xlarge,ap-south-1c,0.0597,2026-09-10T03:00:00+00:00
m5.xlarge,ap-south-1b,0.0664,2026-09-09T23:00:00+00:00
m5.xlarge,ap-south-1c,0.0598,2026-09-09T23:00:00+00:00
m5.xlarge,ap-south-1a,0.0558,2026-09-09T22:00:00+00:00
m5.xlarge,ap-south-1b,0.0663,2026-09-09T15:00:00+00:00
m5.xlarge,ap-south-1c,0.0599,2026-09-09T15:00:00+00:00
m5.xlarge,ap-south-1a,0.0559,2026-09-09T14:00:00+00:00
m5.xlarge,ap-south-1b,0.0663,2026-09-09T12:00:00+00:00
m5.xlarge,ap-south-1a,0.0561,2026-09-09T11:00:00+00:00
m5.xlarge,ap-south-1a,0.0561,2026-09-09T08:00:00+00:00
m5.xlarge,ap-south-1c,0.06,2026-09-09T06:00:00+00:00
m5.xlarge,ap-south-1b,0.0663,2026-09-09T05:00:00+00:00
m5.xlarge,ap-south-1c,0.06,2026-09-09T02:00:00+00:00
m5.xlarge,ap-south-1a,0.0562,2026-09-08T23:00:00+00:00
m5.xlarge,ap-south-1b,0.0661,2026-09-08T21:00:00+00:00
m5.xlarge,ap-south-1c,0.0601,2026-09-08T19:00:00+00:00
m5.xlarge,ap-south-1b,0.066,2026-09-08T18:00:00+00:00
m5.xlarge,ap-south-1a,0.0562,2026-09-08T15:00:00+00:00
m5.xlarge,ap-south-1b,0.0659,2026-09-08T11:00:00+00:00
m5.xlarge,ap-south-1c,0.0602,2026-09-08T10:00:00+00:00
m5.xlarge,ap-south-1b,0.0659,2026-09-08T08:00:00+00:00
m5.xlarge,ap-south-1a,0.0564,2026-09-08T08:00:00+00:00
m5.xlarge,ap-south-1c,0.0602,2026-09-08T07:00:00+00:00
m5.xlarge,ap-south-1b,0.0659,2026-09-08T04:00:00+00:00
m5.xlarge,ap-south-1b,0.0659,2026-09-08T01:00:00+00:00
m5.xlarge,ap-south-1c,0.0605,2026-09-08T00:00:00+00:00
m5.xlarge,ap-south-1a,0.0567,2026-09-08T00:00:00+00:00
m5.xlarge,ap-south-1b,0.0659,2026-09-07T21:00:00+00:00
m5.xlarge,ap-south-1c,0.0605,2026-09-07T21:00:00+00:00
m5.xlarge,ap-south-1a,0.0569,2026-09-07T18:00:00+00:00
m5.xlarge,ap-south-1b,0.0659,2026-09-07T17:00:00+00:00
m5.xlarge,ap-south-1c,0.0608,2026-09-07T13:00:00+00:00
m5.xlarge,ap-south-1a,0.0569,2026-09-07T11:00:00+00:00
m5.xlarge,ap-south-1b,0.0659,2026-09-07T10:00:00+00:00
m5.xlarge,ap-south-1c,0.061,2026-09-07T09:00:00+00:00
m5.xlarge,ap-south-1a,0.0569,2026-09-07T07:00:00+00:00
m5.xlarge,ap-south-1c,0.0612,2026-09-07T06:00:00+00:00
m5.xlarge,ap-south-1b,0.0658,2026-09-07T02:00:00+00:00
m5.xlarge,ap-south-1a,0.057,2026-09-07T01:00:00+00:00
m5.xlarge,ap-south-1b,0.0658,2026-09-06T21:00:00+00:00
m5.xlarge,ap-south-1c,0.0613,2026-09-06T21:00:00+00:00
m5.xlarge,ap-south-1a,0.0572,2026-09-06T17:00:00+00:00
m5.xlarge,ap-south-1b,0.0658,2026-09-06T16:00:00+00:00
m5.xlarge,ap-south-1c,0.0614,2026-09-06T14:00:00+00:00
m5.xlarge,ap-south-1a,0.0573,2026-09-06T11:00:00+00:00
m5.xlarge,ap-south-1c,0.0615,2026-09-06T08:00:00+00:00
m5.xlarge,ap-south-1b,0.0658,2026-09-06T07:00:00+00:00
m5.xlarge,ap-south-1a,0.0574,2026-09-06T05:00:00+00:00
m5.xlarge,ap-south-1b,0.0657,2026-09-06T02:00:00+00:00
m5.xlarge,ap-south-1c,0.0615,2026-09-06T02:00:00+00:00
m5.xlarge,ap-south-1c,0.0616,2026-09-05T23:00:00+00:00
m5.xlarge,ap-south-1b,0.0652,2026-09-05T21:00:00+00:00
m5.xlarge,ap-south-1a,0.0574,2026-09-05T21:00:00+00:00
m5.xlarge,ap-south-1c,0.0615,2026-09-05T16:00:00+00:00
m5.xlarge,ap-south-1a,0.0576,2026-09-05T16:00:00+00:00
m5.xlarge,ap-south-1b,0.0651,2026-09-05T12:00:00+00:00
m5.xlarge,ap-south-1a,0.0577,2026-09-05T11:00:00+00:00
m5.xlarge,ap-south-1c,0.0615,2026-09-05T10:00:00+00:00
m5.xlarge,ap-south-1a,0.0578,2026-09-05T08:00:00+00:00
m5.xlarge,ap-south-1b,0.065,2026-09-05T06:00:00+00:00
m5.xlarge,ap-south-1b,0.0649,2026-09-05T03:00:00+00:00
m5.xlarge,ap-south-1c,0.0604,2026-09-05T01:00:00+00:00
m5.xlarge,ap-south-1a,0.0579,2026-09-05T00:00:00+00:00
m5.xlarge,ap-south-1b,0.0645,2026-09-04T19:00:00+00:00
m5.xlarge,ap-south-1c,0.0603,2026-09-04T19:00:00+00:00
m5.xlarge,ap-south-1a,0.0569,2026-09-04T18:00:00+00:00
m5.xlarge,ap-south-1b,0.0641,2026-09-04T16:00:00+00:00
m5.xlarge,ap-south-1a,0.0566,2026-09-04T15:00:00+00:00
m5.xlarge,ap-south-1c,0.0597,2026-09-04T13:00:00+00:00
m5.xlarge,ap-south-1b,0.0634,2026-09-04T08:00:00+00:00
m5.xlarge,ap-south-1c,0.0589,2026-09-04T07:00:00+00:00
m5.xlarge,ap-south-1a,0.0563,2026-09-04T07:00:00+00:00
m5.xlarge,ap-south-1c,0.0576,2026-09-04T03:00:00+00:00
m5.xlarge,ap-south-1b,0.063,2026-09-04T02:00:00+00:00
m5.xlarge,ap-south-1a,0.0551,2026-09-04T00:00:00+00:00
m5.xlarge,ap-south-1b,0.0625,2026-09-03T21:00:00+00:00
m5.xlarge,ap-south-1c,0.0573,2026-09-03T21:00:00+00:00
m5.xlarge,ap-south-1a,0.0542,2026-09-03T21:00:00+00:00
m5.xlarge,ap-south-1a,0.0533,2026-09-03T18:00:00+00:00
m5.xlarge,ap-south-1a,0.0533,2026-09-03T15:00:00+00:00
m5.xlarge,ap-south-1c,0.0564,2026-09-03T13:00:00+00:00
m5.xlarge,ap-south-1b,0.0613,2026-09-03T12:00:00+00:00
m5.xlarge,ap-south-1a,0.0535,2026-09-03T09:00:00+00:00
m5.xlarge,ap-south-1b,0.0616,2026-09-03T05:00:00+00:00
m5.xlarge,ap-south-1c,0.0565,2026-09-03T05:00:00+00:00
m5.xlarge,ap-south-1a,0.0536,2026-09-03T05:00:00+00:00
m5.xlarge,ap-south-1c,0.0565,2026-09-03T00:00:00+00:00
m5.xlarge,ap-south-1a,0.0537,2026-09-02T23:00:00+00:00
m5.xlarge,ap-south-1b,0.0616,2026-09-02T21:00:00+00:00
m5.xlarge,ap-south-1a,0.0537,2026-09-02T20:00:00+00:00
m5.xlarge,ap-south-1a,0.0538,2026-09-02T17:00:00+00:00
m5.xlarge,ap-south-1c,0.0566,2026-09-02T16:00:00+00:00
m5.xlarge,ap-south-1b,0.0616,2026-09-02T13:00:00+00:00
m5.xlarge,ap-south-1c,0.0566,2026-09-02T13:00:00+00:00
m5.xlarge,ap-south-1a,0.0539,2026-09-02T10:00:00+00:00
m5.xlarge,ap-south-1b,0.0617,2026-09-02T07:00:00+00:00
m5.xlarge,ap-south-1a,0.054,2026-09-02T06:00:00+00:00
m5.xlarge,ap-south-1c,0.0565,2026-09-02T05:00:00+00:00
m5.xlarge,ap-south-1b,0.0618,2026-09-02T02:00:00+00:00
m5.xlarge,ap-south-1a,0.054,2026-09-02T02:00:00+00:00
m5.xlarge,ap-south-1c,0.0565,2026-09-02T01:00:00+00:00
m5.xlarge,ap-south-1b,0.0619,2026-09-01T22:00:00+00:00
m5.xlarge,ap-south-1b,0.062,2026-09-01T18:00:00+00:00
m5.xlarge,ap-south-1a,0.0541,2026-09-01T18:00:00+00:00
m5.xlarge,ap-south-1c,0.0563,2026-09-01T17:00:00+00:00
m5.xlarge,ap-south-1b,0.062,2026-09-01T14:00:00+00:00
m5.xlarge,ap-south-1b,0.0622,2026-09-01T11:00:00+00:00
m5.xlarge,ap-south-1a,0.0541,2026-09-01T11:00:00+00:00
m5.xlarge,ap-south-1c,0.0562,2026-09-01T08:00:00+00:00
m5.xlarge,ap-south-1a,0.0543,2026-09-01T04:00:00+00:00
m5.xlarge,ap-south-1b,0.0623,2026-09-01T02:00:00+00:00
m5.xlarge,ap-south-1c,0.0561,2026-09-01T02:00:00+00:00
m5.xlarge,ap-south-1a,0.0543,2026-08-31T19:00:00+00:00
m5.xlarge,ap-south-1b,0.0623,2026-08-31T18:00:00+00:00
m5.xlarge,ap-south-1c,0.0561,2026-08-31T17:00:00+00:00
m5.xlarge,ap-south-1a,0.0543,2026-08-31T14:00:00+00:00
m5.xlarge,ap-south-1b,0.0623,2026-08-31T12:00:00+00:00
m5.xlarge,ap-south-1b,0.0623,2026-08-31T09:00:00+00:00
m5.xlarge,ap-south-1c,0.056,2026-08-31T08:00:00+00:00
m5.xlarge,ap-south-1a,0.0544,2026-08-31T07:00:00+00:00
m5.xlarge,ap-south-1c,0.056,2026-08-31T05:00:00+00:00
m5.xlarge,ap-south-1b,0.0624,2026-08-31T03:00:00+00:00
m5.xlarge,ap-south-1a,0.0545,2026-08-31T00:00:00+00:00
m5.xlarge,ap-south-1b,0.0625,2026-08-30T20:00:00+00:00
m5.xlarge,ap-south-1c,0.056,2026-08-30T20:00:00+00:00
m5.xlarge,ap-south-1a,0.0545,2026-08-30T18:00:00+00:00
m5.xlarge,ap-south-1c,0.0561,2026-08-30T17:00:00+00:00
m5.xlarge,ap-south-1b,0.0625,2026-08-30T14:00:00+00:00
m5.xlarge,ap-south-1a,0.0545,2026-08-30T14:00:00+00:00
m5.xlarge,ap-south-1b,0.0626,2026-08-30T10:00:00+00:00
m5.xlarge,ap-south-1c,0.0561,2026-08-30T08:00:00+00:00
m5.xlarge,ap-south-1a,0.0547,2026-08-30T06:00:00+00:00
m5.xlarge,ap-south-1b,0.0627,2026-08-30T02:00:00+00:00
m5.xlarge,ap-south-1c,0.0561,2026-08-30T01:00:00+00:00
m5.xlarge,ap-south-1a,0.0547,2026-08-29T23:00:00+00:00
m5.xlarge,ap-south-1b,0.0627,2026-08-29T19:00:00+00:00
m5.xlarge,ap-south-1c,0.056,2026-08-29T16:00:00+00:00
m5.xlarge,ap-south-1a,0.0547,2026-08-29T15:00:00+00:00
m5.xlarge,ap-south-1b,0.0628,2026-08-29T14:00:00+00:00
m5.xlarge,ap-south-1b,0.0629,2026-08-29T11:00:00+00:00
m5.xlarge,ap-south-1c,0.056,2026-08-29T10:00:00+00:00
m5.xlarge,ap-south-1a,0.0546,2026-08-29T10:00:00+00:00
m5.xlarge,ap-south-1b,0.0629,2026-08-29T07:00:00+00:00
m5.xlarge,ap-south-1c,0.0559,2026-08-29T05:00:00+00:00
m5.xlarge,ap-south-1a,0.0546,2026-08-29T03:00:00+00:00
m5.xlarge,ap-south-1b,0.0629,2026-08-29T00:00:00+00:00
m5.xlarge,ap-south-1a,0.0546,2026-08-29T00:00:00+00:00
m5.xlarge,ap-south-1c,0.0558,2026-08-28T21:00:00+00:00
m5.xlarge,ap-south-1a,0.0546,2026-08-28T20:00:00+00:00
m5.xlarge,ap-south-1b,0.0627,2026-08-28T15:00:00+00:00
m5.xlarge,ap-south-1c,0.0557,2026-08-28T15:00:00+00:00
m5.xlarge,ap-south-1b,0.0625,2026-08-28T11:00:00+00:00
m5.xlarge,ap-south-1a,0.0545,2026-08-28T11:00:00+00:00
m5.xlarge,ap-south-1c,0.0556,2026-08-28T08:00:00+00:00
